account_id,user_id,event_name,event_ts,report_id,assessment_id,scale_id
a1,ua1_1,signup_completed,2025-05-15T09:00:00Z,,,
a1,ua1_1,submit_assessment,2025-05-15T10:26:00Z,,as_a1_0_ua1_1,sc_cope
a1,ua1_1,generate_report,2025-05-15T12:38:00Z,r_a1_0_ua1_1,as_a1_0_ua1_1,sc_cope
a1,ua1_1,submit_assessment,2025-07-10T10:46:00Z,,as_a1_8_ua1_1,sc_barthel
a1,ua1_1,generate_report,2025-07-10T11:34:00Z,r_a1_8_ua1_1,as_a1_8_ua1_1,sc_barthel
a2,ua2_1,signup_completed,2025-05-17T09:00:00Z,,,
a2,ua2_1,submit_assessment,2025-05-24T09:15:00Z,,as_a2_1_ua2_1,sc_cope
a2,ua2_1,generate_report,2025-05-24T11:30:00Z,r_a2_1_ua2_1,as_a2_1_ua2_1,sc_cope
a2,ua2_1,submit_assessment,2025-07-05T10:47:00Z,,as_a2_7_ua2_1,sc_cope
a2,ua2_1,generate_report,2025-07-05T12:25:00Z,r_a2_7_ua2_1,as_a2_7_ua2_1,sc_cope
a3,ua3_1,signup_completed,2025-05-07T09:00:00Z,,,
a3,ua3_1,submit_assessment,2025-05-07T09:16:00Z,,as_a3_0_ua3_1,sc_cope
a4,ua4_1,signup_completed,2025-05-08T09:00:00Z,,,
a4,ua4_1,submit_assessment,2025-05-08T09:24:00Z,,as_a4_0_ua4_1,sc_cope
a4,ua4_1,generate_report,2025-05-08T11:17:00Z,r_a4_0_ua4_1,as_a4_0_ua4_1,sc_cope
a4,ua4_1,submit_assessment,2025-05-15T10:00:00Z,,as_a4_1_ua4_1,sc_gencat
a4,ua4_2,submit_assessment,2025-05-15T09:08:00Z,,as_a4_1_ua4_2,sc_gencat
a4,ua4_2,generate_report,2025-05-15T11:38:00Z,r_a4_1_ua4_2,as_a4_1_ua4_2,sc_gencat
a4,ua4_2,submit_assessment,2025-05-29T10:59:00Z,,as_a4_3_ua4_2,sc_cope
a4,ua4_2,generate_report,2025-05-29T12:15:00Z,r_a4_3_ua4_2,as_a4_3_ua4_2,sc_cope
a4,ua4_1,submit_assessment,2025-06-05T10:13:00Z,,as_a4_4_ua4_1,sc_gencat
a4,ua4_1,generate_report,2025-06-05T12:06:00Z,r_a4_4_ua4_1,as_a4_4_ua4_1,sc_gencat
a4,ua4_1,submit_assessment,2025-06-12T10:44:00Z,,as_a4_5_ua4_1,sc_quality_of_life
a4,ua4_1,generate_report,2025-06-12T11:01:00Z,r_a4_5_ua4_1,as_a4_5_ua4_1,sc_quality_of_life
a4,ua4_1,submit_assessment,2025-06-26T10:05:00Z,,as_a4_7_ua4_1,sc_gencat
a4,ua4_1,generate_report,2025-06-26T11:16:00Z,r_a4_7_ua4_1,as_a4_7_ua4_1,sc_gencat
a4,ua4_1,submit_assessment,2025-07-10T10:45:00Z,,as_a4_9_ua4_1,sc_quality_of_life
a4,ua4_1,submit_assessment,2025-07-24T09:40:00Z,,as_a4_11_ua4_1,sc_gencat
a4,ua4_1,generate_report,2025-07-24T11:13:00Z,r_a4_11_ua4_1,as_a4_11_ua4_1,sc_gencat
a5,ua5_1,signup_completed,2025-05-21T09:00:00Z,,,
a5,ua5_1,submit_assessment,2025-05-21T10:01:00Z,,as_a5_0_ua5_1,sc_barthel
a5,ua5_1,generate_report,2025-05-21T12:05:00Z,r_a5_0_ua5_1,as_a5_0_ua5_1,sc_barthel
a5,ua5_1,submit_assessment,2025-05-28T10:02:00Z,,as_a5_1_ua5_1,sc_cope
a5,ua5_1,generate_report,2025-05-28T12:02:00Z,r_a5_1_ua5_1,as_a5_1_ua5_1,sc_cope
a5,ua5_1,submit_assessment,2025-06-04T10:16:00Z,,as_a5_2_ua5_1,sc_cope
a5,ua5_1,submit_assessment,2025-06-11T09:55:00Z,,as_a5_3_ua5_1,sc_barthel
a5,ua5_1,generate_report,2025-06-11T11:10:00Z,r_a5_3_ua5_1,as_a5_3_ua5_1,sc_barthel
a5,ua5_1,submit_assessment,2025-07-02T09:23:00Z,,as_a5_6_ua5_1,sc_cope
a5,ua5_1,generate_report,2025-07-02T11:18:00Z,r_a5_6_ua5_1,as_a5_6_ua5_1,sc_cope
a5,ua5_1,submit_assessment,2025-07-16T09:55:00Z,,as_a5_8_ua5_1,sc_barthel
a5,ua5_1,submit_assessment,2025-07-23T09:25:00Z,,as_a5_9_ua5_1,sc_gencat
a5,ua5_1,submit_assessment,2025-08-06T09:30:00Z,,as_a5_11_ua5_1,sc_quality_of_life
a5,ua5_1,generate_report,2025-08-06T11:12:00Z,r_a5_11_ua5_1,as_a5_11_ua5_1,sc_quality_of_life
a6,ua6_1,signup_completed,2025-05-18T09:00:00Z,,,
a6,ua6_1,submit_assessment,2025-05-18T09:54:00Z,,as_a6_0_ua6_1,sc_barthel
a6,ua6_1,generate_report,2025-05-18T12:20:00Z,r_a6_0_ua6_1,as_a6_0_ua6_1,sc_barthel
a6,ua6_2,submit_assessment,2025-05-18T09:19:00Z,,as_a6_0_ua6_2,sc_barthel
a6,ua6_1,submit_assessment,2025-06-01T09:39:00Z,,as_a6_2_ua6_1,sc_gencat
a6,ua6_1,submit_assessment,2025-06-15T10:34:00Z,,as_a6_4_ua6_1,sc_quality_of_life
a6,ua6_1,generate_report,2025-06-15T11:36:00Z,r_a6_4_ua6_1,as_a6_4_ua6_1,sc_quality_of_life
a6,ua6_1,submit_assessment,2025-06-22T09:59:00Z,,as_a6_5_ua6_1,sc_gencat
a6,ua6_1,submit_assessment,2025-06-29T10:26:00Z,,as_a6_6_ua6_1,sc_barthel
a6,ua6_1,generate_report,2025-06-29T11:34:00Z,r_a6_6_ua6_1,as_a6_6_ua6_1,sc_barthel
a6,ua6_1,submit_assessment,2025-07-06T09:13:00Z,,as_a6_7_ua6_1,sc_gencat
a6,ua6_1,generate_report,2025-07-06T11:16:00Z,r_a6_7_ua6_1,as_a6_7_ua6_1,sc_gencat
a6,ua6_1,submit_assessment,2025-07-13T10:15:00Z,,as_a6_8_ua6_1,sc_cope
a6,ua6_1,generate_report,2025-07-13T11:35:00Z,r_a6_8_ua6_1,as_a6_8_ua6_1,sc_cope
a6,ua6_1,submit_assessment,2025-07-27T09:19:00Z,,as_a6_10_ua6_1,sc_gencat
a6,ua6_1,submit_assessment,2025-08-03T09:30:00Z,,as_a6_11_ua6_1,sc_gencat
a7,ua7_1,signup_completed,2025-05-18T09:00:00Z,,,
a7,ua7_1,submit_assessment,2025-05-18T10:09:00Z,,as_a7_0_ua7_1,sc_quality_of_life
a7,ua7_2,submit_assessment,2025-05-25T10:38:00Z,,as_a7_1_ua7_2,sc_barthel
a7,ua7_2,generate_report,2025-05-25T11:25:00Z,r_a7_1_ua7_2,as_a7_1_ua7_2,sc_barthel
a7,ua7_1,submit_assessment,2025-06-01T10:29:00Z,,as_a7_2_ua7_1,sc_quality_of_life
a7,ua7_1,generate_report,2025-06-01T11:51:00Z,r_a7_2_ua7_1,as_a7_2_ua7_1,sc_quality_of_life
a7,ua7_1,submit_assessment,2025-06-08T09:56:00Z,,as_a7_3_ua7_1,sc_gencat
a7,ua7_1,submit_assessment,2025-06-15T09:15:00Z,,as_a7_4_ua7_1,sc_barthel
a7,ua7_3,submit_assessment,2025-06-15T10:21:00Z,,as_a7_4_ua7_3,sc_cope
a7,ua7_3,generate_report,2025-06-15T11:38:00Z,r_a7_4_ua7_3,as_a7_4_ua7_3,sc_cope
a7,ua7_1,submit_assessment,2025-06-22T09:05:00Z,,as_a7_5_ua7_1,sc_quality_of_life
a7,ua7_1,generate_report,2025-06-22T11:43:00Z,r_a7_5_ua7_1,as_a7_5_ua7_1,sc_quality_of_life
a7,ua7_1,submit_assessment,2025-06-29T09:32:00Z,,as_a7_6_ua7_1,sc_cope
a7,ua7_1,generate_report,2025-06-29T11:01:00Z,r_a7_6_ua7_1,as_a7_6_ua7_1,sc_cope
a7,ua7_1,submit_assessment,2025-07-06T10:09:00Z,,as_a7_7_ua7_1,sc_cope
a7,ua7_1,submit_assessment,2025-07-13T09:23:00Z,,as_a7_8_ua7_1,sc_barthel
a7,ua7_1,generate_report,2025-07-13T11:06:00Z,r_a7_8_ua7_1,as_a7_8_ua7_1,sc_barthel
a7,ua7_2,submit_assessment,2025-07-13T09:43:00Z,,as_a7_8_ua7_2,sc_cope
a7,ua7_2,generate_report,2025-07-13T11:11:00Z,r_a7_8_ua7_2,as_a7_8_ua7_2,sc_cope
a7,ua7_1,submit_assessment,2025-08-10T09:24:00Z,,as_a7_12_ua7_1,sc_quality_of_life
a7,ua7_1,generate_report,2025-08-10T12:20:00Z,r_a7_12_ua7_1,as_a7_12_ua7_1,sc_quality_of_life
a8,ua8_1,signup_completed,2025-05-12T09:00:00Z,,,
a8,ua8_1,submit_assessment,2025-05-19T10:38:00Z,,as_a8_1_ua8_1,sc_quality_of_life
a8,ua8_1,submit_assessment,2025-06-30T09:15:00Z,,as_a8_7_ua8_1,sc_gencat
a8,ua8_1,generate_report,2025-06-30T11:18:00Z,r_a8_7_ua8_1,as_a8_7_ua8_1,sc_gencat
a9,ua9_1,signup_completed,2025-05-23T09:00:00Z,,,
a9,ua9_1,submit_assessment,2025-05-23T10:07:00Z,,as_a9_0_ua9_1,sc_gencat
a9,ua9_1,generate_report,2025-05-23T11:59:00Z,r_a9_0_ua9_1,as_a9_0_ua9_1,sc_gencat
a9,ua9_1,submit_assessment,2025-07-04T09:37:00Z,,as_a9_6_ua9_1,sc_quality_of_life
a10,ua10_1,signup_completed,2025-05-23T09:00:00Z,,,
a10,ua10_1,submit_assessment,2025-05-30T10:43:00Z,,as_a10_1_ua10_1,sc_cope
a10,ua10_1,generate_report,2025-05-30T12:21:00Z,r_a10_1_ua10_1,as_a10_1_ua10_1,sc_cope
a10,ua10_1,submit_assessment,2025-06-13T09:47:00Z,,as_a10_3_ua10_1,sc_gencat
a10,ua10_1,generate_report,2025-06-13T12:36:00Z,r_a10_3_ua10_1,as_a10_3_ua10_1,sc_gencat
a11,ua11_1,signup_completed,2025-05-06T09:00:00Z,,,
a11,ua11_1,submit_assessment,2025-05-13T10:04:00Z,,as_a11_1_ua11_1,sc_quality_of_life
a11,ua11_1,submit_assessment,2025-06-10T09:07:00Z,,as_a11_5_ua11_1,sc_quality_of_life
a11,ua11_1,generate_report,2025-06-10T11:10:00Z,r_a11_5_ua11_1,as_a11_5_ua11_1,sc_quality_of_life
a12,ua12_1,signup_completed,2025-05-06T09:00:00Z,,,
a12,ua12_1,submit_assessment,2025-05-13T09:51:00Z,,as_a12_1_ua12_1,sc_cope
a12,ua12_1,generate_report,2025-05-13T12:21:00Z,r_a12_1_ua12_1,as_a12_1_ua12_1,sc_cope
a12,ua12_1,submit_assessment,2025-07-01T10:07:00Z,,as_a12_8_ua12_1,sc_barthel
a13,ua13_1,signup_completed,2025-05-09T09:00:00Z,,,
a13,ua13_1,submit_assessment,2025-05-09T10:52:00Z,,as_a13_0_ua13_1,sc_cope
a13,ua13_1,generate_report,2025-05-09T11:26:00Z,r_a13_0_ua13_1,as_a13_0_ua13_1,sc_cope
a13,ua13_2,submit_assessment,2025-05-09T09:37:00Z,,as_a13_0_ua13_2,sc_cope
a13,ua13_2,generate_report,2025-05-09T11:51:00Z,r_a13_0_ua13_2,as_a13_0_ua13_2,sc_cope
a13,ua13_1,submit_assessment,2025-05-16T10:41:00Z,,as_a13_1_ua13_1,sc_quality_of_life
a13,ua13_1,generate_report,2025-05-16T11:07:00Z,r_a13_1_ua13_1,as_a13_1_ua13_1,sc_quality_of_life
a13,ua13_2,submit_assessment,2025-05-16T10:51:00Z,,as_a13_1_ua13_2,sc_barthel
a13,ua13_1,submit_assessment,2025-05-23T10:00:00Z,,as_a13_2_ua13_1,sc_cope
a13,ua13_1,generate_report,2025-05-23T11:25:00Z,r_a13_2_ua13_1,as_a13_2_ua13_1,sc_cope
a13,ua13_2,submit_assessment,2025-06-06T10:37:00Z,,as_a13_4_ua13_2,sc_gencat
a13,ua13_2,generate_report,2025-06-06T12:34:00Z,r_a13_4_ua13_2,as_a13_4_ua13_2,sc_gencat
a13,ua13_1,submit_assessment,2025-06-13T10:27:00Z,,as_a13_5_ua13_1,sc_gencat
a13,ua13_1,submit_assessment,2025-06-20T09:26:00Z,,as_a13_6_ua13_1,sc_gencat
a13,ua13_1,generate_report,2025-06-20T11:44:00Z,r_a13_6_ua13_1,as_a13_6_ua13_1,sc_gencat
a13,ua13_1,submit_assessment,2025-06-27T10:39:00Z,,as_a13_7_ua13_1,sc_cope
a13,ua13_1,submit_assessment,2025-07-11T09:43:00Z,,as_a13_9_ua13_1,sc_gencat
a13,ua13_1,generate_report,2025-07-11T12:26:00Z,r_a13_9_ua13_1,as_a13_9_ua13_1,sc_gencat
a13,ua13_1,submit_assessment,2025-07-18T10:27:00Z,,as_a13_10_ua13_1,sc_gencat
a13,ua13_1,generate_report,2025-07-18T11:27:00Z,r_a13_10_ua13_1,as_a13_10_ua13_1,sc_gencat
a14,ua14_1,signup_completed,2025-05-08T09:00:00Z,,,
a14,ua14_1,submit_assessment,2025-05-22T09:59:00Z,,as_a14_2_ua14_1,sc_quality_of_life
a14,ua14_1,generate_report,2025-05-22T11:25:00Z,r_a14_2_ua14_1,as_a14_2_ua14_1,sc_quality_of_life
a14,ua14_1,submit_assessment,2025-05-29T09:48:00Z,,as_a14_3_ua14_1,sc_gencat
a14,ua14_1,generate_report,2025-05-29T11:41:00Z,r_a14_3_ua14_1,as_a14_3_ua14_1,sc_gencat
a15,ua15_1,signup_completed,2025-05-22T09:00:00Z,,,
a15,ua15_1,submit_assessment,2025-05-22T10:08:00Z,,as_a15_0_ua15_1,sc_barthel
a15,ua15_1,generate_report,2025-05-22T11:47:00Z,r_a15_0_ua15_1,as_a15_0_ua15_1,sc_barthel
a15,ua15_1,submit_assessment,2025-05-29T09:16:00Z,,as_a15_1_ua15_1,sc_gencat
a15,ua15_1,generate_report,2025-05-29T11:32:00Z,r_a15_1_ua15_1,as_a15_1_ua15_1,sc_gencat
a16,ua16_1,signup_completed,2025-05-10T09:00:00Z,,,
a16,ua16_1,submit_assessment,2025-05-10T10:02:00Z,,as_a16_0_ua16_1,sc_quality_of_life
a16,ua16_1,generate_report,2025-05-10T11:14:00Z,r_a16_0_ua16_1,as_a16_0_ua16_1,sc_quality_of_life
a16,ua16_2,submit_assessment,2025-05-10T10:11:00Z,,as_a16_0_ua16_2,sc_gencat
a16,ua16_1,submit_assessment,2025-05-17T09:05:00Z,,as_a16_1_ua16_1,sc_barthel
a16,ua16_3,submit_assessment,2025-05-17T10:27:00Z,,as_a16_1_ua16_3,sc_barthel
a16,ua16_1,submit_assessment,2025-05-24T10:34:00Z,,as_a16_2_ua16_1,sc_quality_of_life
a16,ua16_1,submit_assessment,2025-05-31T09:38:00Z,,as_a16_3_ua16_1,sc_quality_of_life
a16,ua16_1,generate_report,2025-05-31T12:17:00Z,r_a16_3_ua16_1,as_a16_3_ua16_1,sc_quality_of_life
a16,ua16_3,submit_assessment,2025-05-31T10:03:00Z,,as_a16_3_ua16_3,sc_cope
a16,ua16_3,generate_report,2025-05-31T11:41:00Z,r_a16_3_ua16_3,as_a16_3_ua16_3,sc_cope
a16,ua16_1,submit_assessment,2025-06-07T10:15:00Z,,as_a16_4_ua16_1,sc_gencat
a16,ua16_1,generate_report,2025-06-07T11:53:00Z,r_a16_4_ua16_1,as_a16_4_ua16_1,sc_gencat
a16,ua16_1,submit_assessment,2025-06-14T09:29:00Z,,as_a16_5_ua16_1,sc_barthel
a16,ua16_1,generate_report,2025-06-14T12:27:00Z,r_a16_5_ua16_1,as_a16_5_ua16_1,sc_barthel
a16,ua16_1,submit_assessment,2025-06-21T10:30:00Z,,as_a16_6_ua16_1,sc_gencat
a16,ua16_1,generate_report,2025-06-21T11:48:00Z,r_a16_6_ua16_1,as_a16_6_ua16_1,sc_gencat
a16,ua16_1,submit_assessment,2025-07-05T10:47:00Z,,as_a16_8_ua16_1,sc_barthel
a16,ua16_1,generate_report,2025-07-05T12:05:00Z,r_a16_8_ua16_1,as_a16_8_ua16_1,sc_barthel
a16,ua16_3,submit_assessment,2025-07-12T09:34:00Z,,as_a16_9_ua16_3,sc_gencat
a16,ua16_3,generate_report,2025-07-12T11:34:00Z,r_a16_9_ua16_3,as_a16_9_ua16_3,sc_gencat
a16,ua16_1,submit_assessment,2025-07-19T10:23:00Z,,as_a16_10_ua16_1,sc_quality_of_life
a16,ua16_1,generate_report,2025-07-19T11:29:00Z,r_a16_10_ua16_1,as_a16_10_ua16_1,sc_quality_of_life
a16,ua16_2,submit_assessment,2025-08-02T10:21:00Z,,as_a16_12_ua16_2,sc_barthel
a16,ua16_2,generate_report,2025-08-02T11:07:00Z,r_a16_12_ua16_2,as_a16_12_ua16_2,sc_barthel
a17,ua17_1,signup_completed,2025-05-11T09:00:00Z,,,
a17,ua17_1,submit_assessment,2025-05-11T10:59:00Z,,as_a17_0_ua17_1,sc_quality_of_life
a17,ua17_1,submit_assessment,2025-05-25T09:09:00Z,,as_a17_2_ua17_1,sc_quality_of_life
a17,ua17_1,generate_report,2025-05-25T12:33:00Z,r_a17_2_ua17_1,as_a17_2_ua17_1,sc_quality_of_life
a17,ua17_2,submit_assessment,2025-05-25T09:47:00Z,,as_a17_2_ua17_2,sc_cope
a17,ua17_2,generate_report,2025-05-25T11:14:00Z,r_a17_2_ua17_2,as_a17_2_ua17_2,sc_cope
a17,ua17_1,submit_assessment,2025-06-01T10:58:00Z,,as_a17_3_ua17_1,sc_quality_of_life
a17,ua17_1,generate_report,2025-06-01T12:38:00Z,r_a17_3_ua17_1,as_a17_3_ua17_1,sc_quality_of_life
a17,ua17_2,submit_assessment,2025-06-01T10:43:00Z,,as_a17_3_ua17_2,sc_cope
a17,ua17_1,submit_assessment,2025-06-08T10:35:00Z,,as_a17_4_ua17_1,sc_barthel
a17,ua17_1,generate_report,2025-06-08T11:48:00Z,r_a17_4_ua17_1,as_a17_4_ua17_1,sc_barthel
a17,ua17_1,submit_assessment,2025-06-15T09:29:00Z,,as_a17_5_ua17_1,sc_quality_of_life
a17,ua17_1,generate_report,2025-06-15T12:35:00Z,r_a17_5_ua17_1,as_a17_5_ua17_1,sc_quality_of_life
a17,ua17_1,submit_assessment,2025-06-29T09:36:00Z,,as_a17_7_ua17_1,sc_quality_of_life
a17,ua17_1,submit_assessment,2025-07-13T10:04:00Z,,as_a17_9_ua17_1,sc_barthel
a17,ua17_1,generate_report,2025-07-13T11:08:00Z,r_a17_9_ua17_1,as_a17_9_ua17_1,sc_barthel
a17,ua17_1,submit_assessment,2025-07-20T11:00:00Z,,as_a17_10_ua17_1,sc_barthel
a17,ua17_1,generate_report,2025-07-20T11:47:00Z,r_a17_10_ua17_1,as_a17_10_ua17_1,sc_barthel
a17,ua17_1,submit_assessment,2025-07-27T09:38:00Z,,as_a17_11_ua17_1,sc_barthel
a18,ua18_1,signup_completed,2025-05-07T09:00:00Z,,,
a18,ua18_1,submit_assessment,2025-05-14T09:08:00Z,,as_a18_1_ua18_1,sc_barthel
a18,ua18_1,submit_assessment,2025-05-21T10:44:00Z,,as_a18_2_ua18_1,sc_quality_of_life
a18,ua18_1,generate_report,2025-05-21T11:33:00Z,r_a18_2_ua18_1,as_a18_2_ua18_1,sc_quality_of_life
a18,ua18_1,submit_assessment,2025-06-11T09:28:00Z,,as_a18_5_ua18_1,sc_quality_of_life
a18,ua18_1,generate_report,2025-06-11T12:35:00Z,r_a18_5_ua18_1,as_a18_5_ua18_1,sc_quality_of_life
a19,ua19_1,signup_completed,2025-05-24T09:00:00Z,,,
a19,ua19_1,submit_assessment,2025-05-24T10:41:00Z,,as_a19_0_ua19_1,sc_quality_of_life
a19,ua19_1,generate_report,2025-05-24T11:53:00Z,r_a19_0_ua19_1,as_a19_0_ua19_1,sc_quality_of_life
a19,ua19_1,submit_assessment,2025-05-31T09:25:00Z,,as_a19_1_ua19_1,sc_cope
a19,ua19_1,submit_assessment,2025-06-07T09:58:00Z,,as_a19_2_ua19_1,sc_barthel
a19,ua19_1,generate_report,2025-06-07T12:31:00Z,r_a19_2_ua19_1,as_a19_2_ua19_1,sc_barthel
a19,ua19_1,submit_assessment,2025-06-14T10:40:00Z,,as_a19_3_ua19_1,sc_gencat
a19,ua19_1,generate_report,2025-06-14T12:40:00Z,r_a19_3_ua19_1,as_a19_3_ua19_1,sc_gencat
a19,ua19_2,submit_assessment,2025-06-14T10:44:00Z,,as_a19_3_ua19_2,sc_barthel
a19,ua19_3,submit_assessment,2025-06-21T09:28:00Z,,as_a19_4_ua19_3,sc_gencat
a19,ua19_3,generate_report,2025-06-21T11:20:00Z,r_a19_4_ua19_3,as_a19_4_ua19_3,sc_gencat
a19,ua19_1,submit_assessment,2025-07-05T10:09:00Z,,as_a19_6_ua19_1,sc_gencat
a19,ua19_1,generate_report,2025-07-05T12:24:00Z,r_a19_6_ua19_1,as_a19_6_ua19_1,sc_gencat
a19,ua19_3,submit_assessment,2025-07-19T09:52:00Z,,as_a19_8_ua19_3,sc_quality_of_life
a19,ua19_3,generate_report,2025-07-19T11:38:00Z,r_a19_8_ua19_3,as_a19_8_ua19_3,sc_quality_of_life
a19,ua19_1,submit_assessment,2025-07-26T09:14:00Z,,as_a19_9_ua19_1,sc_gencat
a19,ua19_1,generate_report,2025-07-26T11:23:00Z,r_a19_9_ua19_1,as_a19_9_ua19_1,sc_gencat
a19,ua19_2,submit_assessment,2025-07-26T10:44:00Z,,as_a19_9_ua19_2,sc_cope
a19,ua19_1,submit_assessment,2025-08-02T09:32:00Z,,as_a19_10_ua19_1,sc_cope
a19,ua19_1,generate_report,2025-08-02T11:44:00Z,r_a19_10_ua19_1,as_a19_10_ua19_1,sc_cope
a19,ua19_2,submit_assessment,2025-08-09T10:49:00Z,,as_a19_11_ua19_2,sc_gencat
a19,ua19_2,generate_report,2025-08-09T11:42:00Z,r_a19_11_ua19_2,as_a19_11_ua19_2,sc_gencat
a19,ua19_1,submit_assessment,2025-08-16T09:14:00Z,,as_a19_12_ua19_1,sc_cope
a19,ua19_1,generate_report,2025-08-16T12:04:00Z,r_a19_12_ua19_1,as_a19_12_ua19_1,sc_cope
a20,ua20_1,signup_completed,2025-05-18T09:00:00Z,,,
a20,ua20_1,submit_assessment,2025-05-18T09:57:00Z,,as_a20_0_ua20_1,sc_barthel
a20,ua20_1,generate_report,2025-05-18T11:51:00Z,r_a20_0_ua20_1,as_a20_0_ua20_1,sc_barthel
a20,ua20_1,submit_assessment,2025-06-01T10:28:00Z,,as_a20_2_ua20_1,sc_barthel
a20,ua20_1,generate_report,2025-06-01T12:30:00Z,r_a20_2_ua20_1,as_a20_2_ua20_1,sc_barthel
a20,ua20_1,submit_assessment,2025-07-06T09:58:00Z,,as_a20_7_ua20_1,sc_cope
a20,ua20_1,generate_report,2025-07-06T12:39:00Z,r_a20_7_ua20_1,as_a20_7_ua20_1,sc_cope
a21,ua21_1,signup_completed,2025-05-19T09:00:00Z,,,
a21,ua21_1,submit_assessment,2025-05-19T09:59:00Z,,as_a21_0_ua21_1,sc_gencat
a21,ua21_1,generate_report,2025-05-19T11:12:00Z,r_a21_0_ua21_1,as_a21_0_ua21_1,sc_gencat
a21,ua21_1,submit_assessment,2025-05-26T10:03:00Z,,as_a21_1_ua21_1,sc_cope
a21,ua21_1,submit_assessment,2025-06-02T10:15:00Z,,as_a21_2_ua21_1,sc_barthel
a21,ua21_1,generate_report,2025-06-02T11:51:00Z,r_a21_2_ua21_1,as_a21_2_ua21_1,sc_barthel
a21,ua21_1,submit_assessment,2025-06-09T10:39:00Z,,as_a21_3_ua21_1,sc_cope
a21,ua21_1,generate_report,2025-06-09T11:19:00Z,r_a21_3_ua21_1,as_a21_3_ua21_1,sc_cope
a21,ua21_1,submit_assessment,2025-07-07T10:07:00Z,,as_a21_7_ua21_1,sc_quality_of_life
a22,ua22_1,signup_completed,2025-05-19T09:00:00Z,,,
a22,ua22_1,submit_assessment,2025-05-19T09:16:00Z,,as_a22_0_ua22_1,sc_quality_of_life
a22,ua22_1,submit_assessment,2025-06-02T10:51:00Z,,as_a22_2_ua22_1,sc_gencat
a22,ua22_1,generate_report,2025-06-02T12:13:00Z,r_a22_2_ua22_1,as_a22_2_ua22_1,sc_gencat
a22,ua22_2,submit_assessment,2025-06-02T10:11:00Z,,as_a22_2_ua22_2,sc_quality_of_life
a22,ua22_2,generate_report,2025-06-02T11:46:00Z,r_a22_2_ua22_2,as_a22_2_ua22_2,sc_quality_of_life
a22,ua22_2,submit_assessment,2025-06-16T10:21:00Z,,as_a22_4_ua22_2,sc_quality_of_life
a22,ua22_2,generate_report,2025-06-16T12:21:00Z,r_a22_4_ua22_2,as_a22_4_ua22_2,sc_quality_of_life
a22,ua22_1,submit_assessment,2025-07-07T09:59:00Z,,as_a22_7_ua22_1,sc_gencat
a22,ua22_1,generate_report,2025-07-07T11:48:00Z,r_a22_7_ua22_1,as_a22_7_ua22_1,sc_gencat
a22,ua22_1,submit_assessment,2025-07-14T09:27:00Z,,as_a22_8_ua22_1,sc_quality_of_life
a22,ua22_1,generate_report,2025-07-14T12:20:00Z,r_a22_8_ua22_1,as_a22_8_ua22_1,sc_quality_of_life
a22,ua22_1,submit_assessment,2025-07-28T10:42:00Z,,as_a22_10_ua22_1,sc_quality_of_life
a22,ua22_1,generate_report,2025-07-28T11:59:00Z,r_a22_10_ua22_1,as_a22_10_ua22_1,sc_quality_of_life
a23,ua23_1,signup_completed,2025-05-10T09:00:00Z,,,
a23,ua23_1,submit_assessment,2025-05-10T09:21:00Z,,as_a23_0_ua23_1,sc_barthel
a23,ua23_1,generate_report,2025-05-10T11:47:00Z,r_a23_0_ua23_1,as_a23_0_ua23_1,sc_barthel
a23,ua23_1,submit_assessment,2025-05-17T10:09:00Z,,as_a23_1_ua23_1,sc_quality_of_life
a23,ua23_1,generate_report,2025-05-17T11:06:00Z,r_a23_1_ua23_1,as_a23_1_ua23_1,sc_quality_of_life
a23,ua23_1,submit_assessment,2025-05-24T09:15:00Z,,as_a23_2_ua23_1,sc_gencat
a23,ua23_1,submit_assessment,2025-06-14T10:28:00Z,,as_a23_5_ua23_1,sc_quality_of_life
a24,ua24_1,signup_completed,2025-05-12T09:00:00Z,,,
a24,ua24_1,submit_assessment,2025-05-12T09:13:00Z,,as_a24_0_ua24_1,sc_gencat
a24,ua24_2,submit_assessment,2025-05-12T09:25:00Z,,as_a24_0_ua24_2,sc_cope
a24,ua24_2,generate_report,2025-05-12T12:19:00Z,r_a24_0_ua24_2,as_a24_0_ua24_2,sc_cope
a24,ua24_1,submit_assessment,2025-05-19T09:31:00Z,,as_a24_1_ua24_1,sc_quality_of_life
a24,ua24_1,generate_report,2025-05-19T12:19:00Z,r_a24_1_ua24_1,as_a24_1_ua24_1,sc_quality_of_life
a24,ua24_2,submit_assessment,2025-05-19T09:52:00Z,,as_a24_1_ua24_2,sc_cope
a24,ua24_2,generate_report,2025-05-19T11:24:00Z,r_a24_1_ua24_2,as_a24_1_ua24_2,sc_cope
a24,ua24_1,submit_assessment,2025-05-26T09:26:00Z,,as_a24_2_ua24_1,sc_quality_of_life
a24,ua24_2,submit_assessment,2025-05-26T10:26:00Z,,as_a24_2_ua24_2,sc_barthel
a24,ua24_1,submit_assessment,2025-06-02T09:37:00Z,,as_a24_3_ua24_1,sc_barthel
a24,ua24_1,submit_assessment,2025-06-09T09:38:00Z,,as_a24_4_ua24_1,sc_cope
a24,ua24_1,generate_report,2025-06-09T11:48:00Z,r_a24_4_ua24_1,as_a24_4_ua24_1,sc_cope
a24,ua24_1,submit_assessment,2025-06-16T09:47:00Z,,as_a24_5_ua24_1,sc_cope
a24,ua24_1,submit_assessment,2025-06-23T10:23:00Z,,as_a24_6_ua24_1,sc_gencat
a24,ua24_1,submit_assessment,2025-06-30T09:44:00Z,,as_a24_7_ua24_1,sc_cope
a24,ua24_1,generate_report,2025-06-30T12:15:00Z,r_a24_7_ua24_1,as_a24_7_ua24_1,sc_cope
a24,ua24_1,submit_assessment,2025-08-04T10:23:00Z,,as_a24_12_ua24_1,sc_cope
a24,ua24_1,generate_report,2025-08-04T11:54:00Z,r_a24_12_ua24_1,as_a24_12_ua24_1,sc_cope
a25,ua25_1,signup_completed,2025-05-20T09:00:00Z,,,
a25,ua25_1,submit_assessment,2025-05-20T09:21:00Z,,as_a25_0_ua25_1,sc_barthel
a25,ua25_1,generate_report,2025-05-20T12:19:00Z,r_a25_0_ua25_1,as_a25_0_ua25_1,sc_barthel
a25,ua25_1,submit_assessment,2025-06-03T10:17:00Z,,as_a25_2_ua25_1,sc_barthel
a25,ua25_1,generate_report,2025-06-03T11:14:00Z,r_a25_2_ua25_1,as_a25_2_ua25_1,sc_barthel
a25,ua25_1,submit_assessment,2025-08-05T10:35:00Z,,as_a25_11_ua25_1,sc_gencat
a25,ua25_1,generate_report,2025-08-05T11:13:00Z,r_a25_11_ua25_1,as_a25_11_ua25_1,sc_gencat
a26,ua26_1,signup_completed,2025-05-19T09:00:00Z,,,
a26,ua26_1,submit_assessment,2025-05-19T09:06:00Z,,as_a26_0_ua26_1,sc_cope
a26,ua26_1,generate_report,2025-05-19T12:12:00Z,r_a26_0_ua26_1,as_a26_0_ua26_1,sc_cope
a26,ua26_1,submit_assessment,2025-05-26T09:36:00Z,,as_a26_1_ua26_1,sc_quality_of_life
a26,ua26_1,generate_report,2025-05-26T11:01:00Z,r_a26_1_ua26_1,as_a26_1_ua26_1,sc_quality_of_life
a26,ua26_1,submit_assessment,2025-06-02T10:44:00Z,,as_a26_2_ua26_1,sc_barthel
a26,ua26_1,generate_report,2025-06-02T12:19:00Z,r_a26_2_ua26_1,as_a26_2_ua26_1,sc_barthel
a26,ua26_2,submit_assessment,2025-06-02T09:23:00Z,,as_a26_2_ua26_2,sc_gencat
a26,ua26_2,generate_report,2025-06-02T12:07:00Z,r_a26_2_ua26_2,as_a26_2_ua26_2,sc_gencat
a26,ua26_1,submit_assessment,2025-06-09T10:10:00Z,,as_a26_3_ua26_1,sc_gencat
a26,ua26_1,generate_report,2025-06-09T11:39:00Z,r_a26_3_ua26_1,as_a26_3_ua26_1,sc_gencat
a26,ua26_1,submit_assessment,2025-06-23T10:53:00Z,,as_a26_5_ua26_1,sc_quality_of_life
a26,ua26_1,generate_report,2025-06-23T12:00:00Z,r_a26_5_ua26_1,as_a26_5_ua26_1,sc_quality_of_life
a26,ua26_1,submit_assessment,2025-06-30T09:38:00Z,,as_a26_6_ua26_1,sc_barthel
a26,ua26_1,generate_report,2025-06-30T11:05:00Z,r_a26_6_ua26_1,as_a26_6_ua26_1,sc_barthel
a26,ua26_5,submit_assessment,2025-06-30T10:36:00Z,,as_a26_6_ua26_5,sc_cope
a26,ua26_5,generate_report,2025-06-30T12:22:00Z,r_a26_6_ua26_5,as_a26_6_ua26_5,sc_cope
a26,ua26_1,submit_assessment,2025-07-07T09:42:00Z,,as_a26_7_ua26_1,sc_cope
a26,ua26_1,generate_report,2025-07-07T11:28:00Z,r_a26_7_ua26_1,as_a26_7_ua26_1,sc_cope
a26,ua26_1,submit_assessment,2025-07-14T10:52:00Z,,as_a26_8_ua26_1,sc_gencat
a26,ua26_1,submit_assessment,2025-07-21T09:47:00Z,,as_a26_9_ua26_1,sc_quality_of_life
a26,ua26_1,generate_report,2025-07-21T11:49:00Z,r_a26_9_ua26_1,as_a26_9_ua26_1,sc_quality_of_life
a27,ua27_1,signup_completed,2025-05-08T09:00:00Z,,,
a27,ua27_1,submit_assessment,2025-07-31T10:24:00Z,,as_a27_12_ua27_1,sc_barthel
a28,ua28_1,signup_completed,2025-05-10T09:00:00Z,,,
a28,ua28_1,submit_assessment,2025-05-10T10:34:00Z,,as_a28_0_ua28_1,sc_gencat
a28,ua28_1,generate_report,2025-05-10T11:06:00Z,r_a28_0_ua28_1,as_a28_0_ua28_1,sc_gencat
a28,ua28_1,submit_assessment,2025-05-17T10:34:00Z,,as_a28_1_ua28_1,sc_barthel
a28,ua28_1,generate_report,2025-05-17T11:06:00Z,r_a28_1_ua28_1,as_a28_1_ua28_1,sc_barthel
a28,ua28_1,submit_assessment,2025-05-24T09:30:00Z,,as_a28_2_ua28_1,sc_cope
a28,ua28_1,submit_assessment,2025-06-14T09:18:00Z,,as_a28_5_ua28_1,sc_quality_of_life
a28,ua28_1,generate_report,2025-06-14T11:27:00Z,r_a28_5_ua28_1,as_a28_5_ua28_1,sc_quality_of_life
a28,ua28_1,submit_assessment,2025-06-21T10:53:00Z,,as_a28_6_ua28_1,sc_barthel
a29,ua29_1,signup_completed,2025-05-09T09:00:00Z,,,
a29,ua29_1,submit_assessment,2025-05-23T09:59:00Z,,as_a29_2_ua29_1,sc_cope
a29,ua29_1,generate_report,2025-05-23T11:45:00Z,r_a29_2_ua29_1,as_a29_2_ua29_1,sc_cope
a29,ua29_1,submit_assessment,2025-05-30T09:11:00Z,,as_a29_3_ua29_1,sc_cope
a29,ua29_1,submit_assessment,2025-07-18T09:08:00Z,,as_a29_10_ua29_1,sc_quality_of_life
a29,ua29_1,generate_report,2025-07-18T12:39:00Z,r_a29_10_ua29_1,as_a29_10_ua29_1,sc_quality_of_life
a30,ua30_1,signup_completed,2025-05-18T09:00:00Z,,,
a30,ua30_1,submit_assessment,2025-05-18T10:18:00Z,,as_a30_0_ua30_1,sc_barthel
a30,ua30_2,submit_assessment,2025-05-18T10:12:00Z,,as_a30_0_ua30_2,sc_barthel
a30,ua30_2,generate_report,2025-05-18T12:38:00Z,r_a30_0_ua30_2,as_a30_0_ua30_2,sc_barthel
a30,ua30_1,submit_assessment,2025-05-25T10:07:00Z,,as_a30_1_ua30_1,sc_cope
a30,ua30_1,generate_report,2025-05-25T12:29:00Z,r_a30_1_ua30_1,as_a30_1_ua30_1,sc_cope
a30,ua30_1,submit_assessment,2025-06-01T10:18:00Z,,as_a30_2_ua30_1,sc_cope
a30,ua30_3,submit_assessment,2025-06-01T10:34:00Z,,as_a30_2_ua30_3,sc_gencat
a30,ua30_3,generate_report,2025-06-01T11:22:00Z,r_a30_2_ua30_3,as_a30_2_ua30_3,sc_gencat
a30,ua30_2,submit_assessment,2025-06-08T10:25:00Z,,as_a30_3_ua30_2,sc_barthel
a30,ua30_2,generate_report,2025-06-08T11:13:00Z,r_a30_3_ua30_2,as_a30_3_ua30_2,sc_barthel
a30,ua30_3,submit_assessment,2025-06-15T09:52:00Z,,as_a30_4_ua30_3,sc_barthel
a30,ua30_3,generate_report,2025-06-15T11:34:00Z,r_a30_4_ua30_3,as_a30_4_ua30_3,sc_barthel
a30,ua30_1,submit_assessment,2025-06-22T09:53:00Z,,as_a30_5_ua30_1,sc_gencat
a30,ua30_1,submit_assessment,2025-07-06T10:11:00Z,,as_a30_7_ua30_1,sc_cope
a30,ua30_1,generate_report,2025-07-06T11:58:00Z,r_a30_7_ua30_1,as_a30_7_ua30_1,sc_cope
a30,ua30_1,submit_assessment,2025-07-13T10:33:00Z,,as_a30_8_ua30_1,sc_quality_of_life
a30,ua30_1,submit_assessment,2025-07-20T10:27:00Z,,as_a30_9_ua30_1,sc_quality_of_life
a30,ua30_1,submit_assessment,2025-07-27T10:37:00Z,,as_a30_10_ua30_1,sc_gencat
a30,ua30_1,generate_report,2025-07-27T11:32:00Z,r_a30_10_ua30_1,as_a30_10_ua30_1,sc_gencat
a30,ua30_1,submit_assessment,2025-08-03T09:46:00Z,,as_a30_11_ua30_1,sc_gencat
a31,ua31_1,signup_completed,2025-05-22T09:00:00Z,,,
a31,ua31_1,submit_assessment,2025-05-29T09:30:00Z,,as_a31_1_ua31_1,sc_barthel
a31,ua31_1,generate_report,2025-05-29T11:19:00Z,r_a31_1_ua31_1,as_a31_1_ua31_1,sc_barthel
a31,ua31_1,submit_assessment,2025-07-31T10:54:00Z,,as_a31_10_ua31_1,sc_quality_of_life
a32,ua32_1,signup_completed,2025-05-15T09:00:00Z,,,
a32,ua32_1,submit_assessment,2025-05-15T09:37:00Z,,as_a32_0_ua32_1,sc_gencat
a32,ua32_1,generate_report,2025-05-15T11:52:00Z,r_a32_0_ua32_1,as_a32_0_ua32_1,sc_gencat
a32,ua32_2,submit_assessment,2025-05-22T10:53:00Z,,as_a32_1_ua32_2,sc_quality_of_life
a32,ua32_2,generate_report,2025-05-22T12:33:00Z,r_a32_1_ua32_2,as_a32_1_ua32_2,sc_quality_of_life
a32,ua32_1,submit_assessment,2025-06-05T10:31:00Z,,as_a32_3_ua32_1,sc_gencat
a32,ua32_1,generate_report,2025-06-05T11:16:00Z,r_a32_3_ua32_1,as_a32_3_ua32_1,sc_gencat
a32,ua32_1,submit_assessment,2025-06-12T10:59:00Z,,as_a32_4_ua32_1,sc_barthel
a32,ua32_1,generate_report,2025-06-12T11:52:00Z,r_a32_4_ua32_1,as_a32_4_ua32_1,sc_barthel
a32,ua32_1,submit_assessment,2025-06-26T10:06:00Z,,as_a32_6_ua32_1,sc_quality_of_life
a32,ua32_1,generate_report,2025-06-26T12:20:00Z,r_a32_6_ua32_1,as_a32_6_ua32_1,sc_quality_of_life
a32,ua32_1,submit_assessment,2025-08-07T09:54:00Z,,as_a32_12_ua32_1,sc_barthel
a33,ua33_1,signup_completed,2025-05-20T09:00:00Z,,,
a33,ua33_1,submit_assessment,2025-05-27T10:14:00Z,,as_a33_1_ua33_1,sc_cope
a33,ua33_1,generate_report,2025-05-27T12:32:00Z,r_a33_1_ua33_1,as_a33_1_ua33_1,sc_cope
a33,ua33_1,submit_assessment,2025-06-24T10:14:00Z,,as_a33_5_ua33_1,sc_quality_of_life
a33,ua33_1,generate_report,2025-06-24T12:01:00Z,r_a33_5_ua33_1,as_a33_5_ua33_1,sc_quality_of_life
a34,ua34_1,signup_completed,2025-05-19T09:00:00Z,,,
a34,ua34_1,submit_assessment,2025-05-19T10:38:00Z,,as_a34_0_ua34_1,sc_barthel
a34,ua34_1,submit_assessment,2025-05-26T09:56:00Z,,as_a34_1_ua34_1,sc_quality_of_life
a34,ua34_1,generate_report,2025-05-26T11:10:00Z,r_a34_1_ua34_1,as_a34_1_ua34_1,sc_quality_of_life
a34,ua34_2,submit_assessment,2025-05-26T10:25:00Z,,as_a34_1_ua34_2,sc_quality_of_life
a34,ua34_1,submit_assessment,2025-06-02T10:39:00Z,,as_a34_2_ua34_1,sc_cope
a34,ua34_1,generate_report,2025-06-02T12:08:00Z,r_a34_2_ua34_1,as_a34_2_ua34_1,sc_cope
a34,ua34_1,submit_assessment,2025-06-16T10:48:00Z,,as_a34_4_ua34_1,sc_barthel
a34,ua34_2,submit_assessment,2025-06-16T10:49:00Z,,as_a34_4_ua34_2,sc_gencat
a34,ua34_1,submit_assessment,2025-06-23T10:04:00Z,,as_a34_5_ua34_1,sc_quality_of_life
a34,ua34_1,submit_assessment,2025-07-21T09:39:00Z,,as_a34_9_ua34_1,sc_gencat
a35,ua35_1,signup_completed,2025-05-13T09:00:00Z,,,
a35,ua35_1,submit_assessment,2025-05-13T09:50:00Z,,as_a35_0_ua35_1,sc_cope
a35,ua35_1,generate_report,2025-05-13T11:39:00Z,r_a35_0_ua35_1,as_a35_0_ua35_1,sc_cope
a35,ua35_1,submit_assessment,2025-05-20T09:59:00Z,,as_a35_1_ua35_1,sc_quality_of_life
a35,ua35_1,generate_report,2025-05-20T11:11:00Z,r_a35_1_ua35_1,as_a35_1_ua35_1,sc_quality_of_life
a35,ua35_1,submit_assessment,2025-06-24T10:45:00Z,,as_a35_6_ua35_1,sc_cope
a36,ua36_1,signup_completed,2025-05-26T09:00:00Z,,,
a36,ua36_1,submit_assessment,2025-05-26T09:28:00Z,,as_a36_0_ua36_1,sc_gencat
a36,ua36_2,submit_assessment,2025-05-26T09:31:00Z,,as_a36_0_ua36_2,sc_gencat
a36,ua36_1,submit_assessment,2025-06-02T10:30:00Z,,as_a36_1_ua36_1,sc_barthel
a36,ua36_1,submit_assessment,2025-06-09T10:33:00Z,,as_a36_2_ua36_1,sc_quality_of_life
a36,ua36_1,generate_report,2025-06-09T11:11:00Z,r_a36_2_ua36_1,as_a36_2_ua36_1,sc_quality_of_life
a36,ua36_1,submit_assessment,2025-06-23T10:05:00Z,,as_a36_4_ua36_1,sc_gencat
a36,ua36_1,generate_report,2025-06-23T11:08:00Z,r_a36_4_ua36_1,as_a36_4_ua36_1,sc_gencat
a36,ua36_1,submit_assessment,2025-07-07T10:14:00Z,,as_a36_6_ua36_1,sc_gencat
a36,ua36_1,generate_report,2025-07-07T12:35:00Z,r_a36_6_ua36_1,as_a36_6_ua36_1,sc_gencat
a36,ua36_1,submit_assessment,2025-07-14T10:30:00Z,,as_a36_7_ua36_1,sc_quality_of_life
a36,ua36_1,generate_report,2025-07-14T12:00:00Z,r_a36_7_ua36_1,as_a36_7_ua36_1,sc_quality_of_life
a36,ua36_3,submit_assessment,2025-07-14T10:31:00Z,,as_a36_7_ua36_3,sc_quality_of_life
a36,ua36_3,generate_report,2025-07-14T12:22:00Z,r_a36_7_ua36_3,as_a36_7_ua36_3,sc_quality_of_life
a36,ua36_1,submit_assessment,2025-08-18T10:25:00Z,,as_a36_12_ua36_1,sc_quality_of_life
a36,ua36_1,generate_report,2025-08-18T11:13:00Z,r_a36_12_ua36_1,as_a36_12_ua36_1,sc_quality_of_life
a37,ua37_1,signup_completed,2025-05-14T09:00:00Z,,,
a37,ua37_1,submit_assessment,2025-05-21T10:44:00Z,,as_a37_1_ua37_1,sc_quality_of_life
a37,ua37_1,generate_report,2025-05-21T12:39:00Z,r_a37_1_ua37_1,as_a37_1_ua37_1,sc_quality_of_life
a37,ua37_1,submit_assessment,2025-06-25T09:42:00Z,,as_a37_6_ua37_1,sc_cope
a37,ua37_1,generate_report,2025-06-25T12:04:00Z,r_a37_6_ua37_1,as_a37_6_ua37_1,sc_cope
a38,ua38_1,signup_completed,2025-05-26T09:00:00Z,,,
a38,ua38_1,submit_assessment,2025-06-02T10:36:00Z,,as_a38_1_ua38_1,sc_cope
a38,ua38_1,generate_report,2025-06-02T12:16:00Z,r_a38_1_ua38_1,as_a38_1_ua38_1,sc_cope
a38,ua38_1,submit_assessment,2025-06-16T09:56:00Z,,as_a38_3_ua38_1,sc_barthel
a38,ua38_1,submit_assessment,2025-07-07T09:18:00Z,,as_a38_6_ua38_1,sc_cope
a38,ua38_1,generate_report,2025-07-07T11:25:00Z,r_a38_6_ua38_1,as_a38_6_ua38_1,sc_cope
a39,ua39_1,signup_completed,2025-05-14T09:00:00Z,,,
a39,ua39_1,submit_assessment,2025-05-14T10:25:00Z,,as_a39_0_ua39_1,sc_gencat
a39,ua39_1,submit_assessment,2025-06-04T10:30:00Z,,as_a39_3_ua39_1,sc_barthel
a39,ua39_1,generate_report,2025-06-04T12:21:00Z,r_a39_3_ua39_1,as_a39_3_ua39_1,sc_barthel
a39,ua39_1,submit_assessment,2025-06-18T10:56:00Z,,as_a39_5_ua39_1,sc_gencat
a39,ua39_1,generate_report,2025-06-18T12:40:00Z,r_a39_5_ua39_1,as_a39_5_ua39_1,sc_gencat
a39,ua39_1,submit_assessment,2025-06-25T09:52:00Z,,as_a39_6_ua39_1,sc_barthel
a40,ua40_1,signup_completed,2025-05-26T09:00:00Z,,,
a40,ua40_1,submit_assessment,2025-05-26T10:08:00Z,,as_a40_0_ua40_1,sc_barthel
a40,ua40_1,generate_report,2025-05-26T11:06:00Z,r_a40_0_ua40_1,as_a40_0_ua40_1,sc_barthel
a40,ua40_1,submit_assessment,2025-06-02T10:02:00Z,,as_a40_1_ua40_1,sc_quality_of_life
a40,ua40_1,generate_report,2025-06-02T12:28:00Z,r_a40_1_ua40_1,as_a40_1_ua40_1,sc_quality_of_life
a40,ua40_1,submit_assessment,2025-06-09T10:05:00Z,,as_a40_2_ua40_1,sc_gencat
a40,ua40_4,submit_assessment,2025-06-09T10:27:00Z,,as_a40_2_ua40_4,sc_barthel
a40,ua40_4,generate_report,2025-06-09T11:20:00Z,r_a40_2_ua40_4,as_a40_2_ua40_4,sc_barthel
a40,ua40_1,submit_assessment,2025-06-16T10:54:00Z,,as_a40_3_ua40_1,sc_barthel
a40,ua40_1,generate_report,2025-06-16T11:16:00Z,r_a40_3_ua40_1,as_a40_3_ua40_1,sc_barthel
a40,ua40_1,submit_assessment,2025-06-23T10:38:00Z,,as_a40_4_ua40_1,sc_quality_of_life
a40,ua40_1,submit_assessment,2025-07-07T09:42:00Z,,as_a40_6_ua40_1,sc_barthel
a40,ua40_1,generate_report,2025-07-07T12:31:00Z,r_a40_6_ua40_1,as_a40_6_ua40_1,sc_barthel
a40,ua40_1,submit_assessment,2025-07-28T10:58:00Z,,as_a40_9_ua40_1,sc_barthel
a40,ua40_1,submit_assessment,2025-08-04T10:55:00Z,,as_a40_10_ua40_1,sc_gencat
a41,ua41_1,signup_completed,2025-05-16T09:00:00Z,,,
a41,ua41_1,submit_assessment,2025-05-16T10:25:00Z,,as_a41_0_ua41_1,sc_gencat
a41,ua41_2,submit_assessment,2025-05-16T09:39:00Z,,as_a41_0_ua41_2,sc_quality_of_life
a41,ua41_1,submit_assessment,2025-05-23T10:24:00Z,,as_a41_1_ua41_1,sc_barthel
a41,ua41_2,submit_assessment,2025-06-06T10:19:00Z,,as_a41_3_ua41_2,sc_cope
a41,ua41_2,generate_report,2025-06-06T11:32:00Z,r_a41_3_ua41_2,as_a41_3_ua41_2,sc_cope
a41,ua41_1,submit_assessment,2025-06-13T10:48:00Z,,as_a41_4_ua41_1,sc_gencat
a41,ua41_1,generate_report,2025-06-13T12:29:00Z,r_a41_4_ua41_1,as_a41_4_ua41_1,sc_gencat
a41,ua41_2,submit_assessment,2025-06-13T09:39:00Z,,as_a41_4_ua41_2,sc_cope
a41,ua41_2,generate_report,2025-06-13T12:16:00Z,r_a41_4_ua41_2,as_a41_4_ua41_2,sc_cope
a41,ua41_1,submit_assessment,2025-07-11T10:48:00Z,,as_a41_8_ua41_1,sc_gencat
a41,ua41_1,submit_assessment,2025-07-25T09:49:00Z,,as_a41_10_ua41_1,sc_quality_of_life
a41,ua41_1,generate_report,2025-07-25T12:10:00Z,r_a41_10_ua41_1,as_a41_10_ua41_1,sc_quality_of_life
a42,ua42_1,signup_completed,2025-05-06T09:00:00Z,,,
a42,ua42_1,submit_assessment,2025-05-06T10:31:00Z,,as_a42_0_ua42_1,sc_barthel
a42,ua42_1,generate_report,2025-05-06T12:31:00Z,r_a42_0_ua42_1,as_a42_0_ua42_1,sc_barthel
a42,ua42_2,submit_assessment,2025-05-06T10:20:00Z,,as_a42_0_ua42_2,sc_cope
a42,ua42_1,submit_assessment,2025-05-13T10:13:00Z,,as_a42_1_ua42_1,sc_barthel
a42,ua42_1,submit_assessment,2025-05-20T10:58:00Z,,as_a42_2_ua42_1,sc_cope
a42,ua42_1,submit_assessment,2025-05-27T09:16:00Z,,as_a42_3_ua42_1,sc_gencat
a42,ua42_1,generate_report,2025-05-27T12:30:00Z,r_a42_3_ua42_1,as_a42_3_ua42_1,sc_gencat
a42,ua42_2,submit_assessment,2025-05-27T09:56:00Z,,as_a42_3_ua42_2,sc_cope
a42,ua42_1,submit_assessment,2025-06-03T09:52:00Z,,as_a42_4_ua42_1,sc_quality_of_life
a42,ua42_1,submit_assessment,2025-06-10T10:45:00Z,,as_a42_5_ua42_1,sc_quality_of_life
a42,ua42_1,generate_report,2025-06-10T11:41:00Z,r_a42_5_ua42_1,as_a42_5_ua42_1,sc_quality_of_life
a42,ua42_1,submit_assessment,2025-06-24T09:17:00Z,,as_a42_7_ua42_1,sc_barthel
a42,ua42_1,generate_report,2025-06-24T12:13:00Z,r_a42_7_ua42_1,as_a42_7_ua42_1,sc_barthel
a42,ua42_1,submit_assessment,2025-07-01T09:38:00Z,,as_a42_8_ua42_1,sc_gencat
a42,ua42_1,submit_assessment,2025-07-08T10:02:00Z,,as_a42_9_ua42_1,sc_barthel
a42,ua42_1,submit_assessment,2025-07-29T09:48:00Z,,as_a42_12_ua42_1,sc_barthel
a42,ua42_1,generate_report,2025-07-29T11:24:00Z,r_a42_12_ua42_1,as_a42_12_ua42_1,sc_barthel
a43,ua43_1,signup_completed,2025-05-12T09:00:00Z,,,
a43,ua43_1,submit_assessment,2025-05-12T10:56:00Z,,as_a43_0_ua43_1,sc_cope
a43,ua43_2,submit_assessment,2025-05-12T10:55:00Z,,as_a43_0_ua43_2,sc_barthel
a43,ua43_2,generate_report,2025-05-12T11:51:00Z,r_a43_0_ua43_2,as_a43_0_ua43_2,sc_barthel
a43,ua43_1,submit_assessment,2025-05-19T09:37:00Z,,as_a43_1_ua43_1,sc_barthel
a43,ua43_1,generate_report,2025-05-19T11:30:00Z,r_a43_1_ua43_1,as_a43_1_ua43_1,sc_barthel
a43,ua43_1,submit_assessment,2025-05-26T09:28:00Z,,as_a43_2_ua43_1,sc_quality_of_life
a43,ua43_1,generate_report,2025-05-26T11:21:00Z,r_a43_2_ua43_1,as_a43_2_ua43_1,sc_quality_of_life
a43,ua43_1,submit_assessment,2025-06-02T09:37:00Z,,as_a43_3_ua43_1,sc_barthel
a43,ua43_2,submit_assessment,2025-06-02T10:52:00Z,,as_a43_3_ua43_2,sc_barthel
a43,ua43_1,submit_assessment,2025-06-16T09:30:00Z,,as_a43_5_ua43_1,sc_barthel
a43,ua43_2,submit_assessment,2025-06-16T10:42:00Z,,as_a43_5_ua43_2,sc_quality_of_life
a43,ua43_1,submit_assessment,2025-06-23T09:20:00Z,,as_a43_6_ua43_1,sc_quality_of_life
a43,ua43_1,generate_report,2025-06-23T11:49:00Z,r_a43_6_ua43_1,as_a43_6_ua43_1,sc_quality_of_life
a43,ua43_1,submit_assessment,2025-07-07T10:47:00Z,,as_a43_8_ua43_1,sc_gencat
a43,ua43_1,generate_report,2025-07-07T11:29:00Z,r_a43_8_ua43_1,as_a43_8_ua43_1,sc_gencat
a43,ua43_1,submit_assessment,2025-07-28T10:02:00Z,,as_a43_11_ua43_1,sc_barthel
a43,ua43_1,submit_assessment,2025-08-04T10:25:00Z,,as_a43_12_ua43_1,sc_barthel
a43,ua43_1,generate_report,2025-08-04T11:43:00Z,r_a43_12_ua43_1,as_a43_12_ua43_1,sc_barthel
a44,ua44_1,signup_completed,2025-05-20T09:00:00Z,,,
a44,ua44_1,submit_assessment,2025-05-20T10:15:00Z,,as_a44_0_ua44_1,sc_quality_of_life
a44,ua44_2,submit_assessment,2025-05-20T09:39:00Z,,as_a44_0_ua44_2,sc_gencat
a44,ua44_2,generate_report,2025-05-20T11:32:00Z,r_a44_0_ua44_2,as_a44_0_ua44_2,sc_gencat
a44,ua44_1,submit_assessment,2025-05-27T09:47:00Z,,as_a44_1_ua44_1,sc_cope
a44,ua44_2,submit_assessment,2025-05-27T09:45:00Z,,as_a44_1_ua44_2,sc_barthel
a44,ua44_2,generate_report,2025-05-27T12:02:00Z,r_a44_1_ua44_2,as_a44_1_ua44_2,sc_barthel
a44,ua44_1,submit_assessment,2025-06-03T10:16:00Z,,as_a44_2_ua44_1,sc_gencat
a44,ua44_1,generate_report,2025-06-03T11:37:00Z,r_a44_2_ua44_1,as_a44_2_ua44_1,sc_gencat
a44,ua44_2,submit_assessment,2025-06-03T09:51:00Z,,as_a44_2_ua44_2,sc_gencat
a44,ua44_2,generate_report,2025-06-03T11:34:00Z,r_a44_2_ua44_2,as_a44_2_ua44_2,sc_gencat
a44,ua44_1,submit_assessment,2025-06-17T09:12:00Z,,as_a44_4_ua44_1,sc_gencat
a44,ua44_1,submit_assessment,2025-06-24T10:01:00Z,,as_a44_5_ua44_1,sc_barthel
a44,ua44_1,submit_assessment,2025-07-01T10:01:00Z,,as_a44_6_ua44_1,sc_gencat
a44,ua44_1,generate_report,2025-07-01T12:08:00Z,r_a44_6_ua44_1,as_a44_6_ua44_1,sc_gencat
a44,ua44_1,submit_assessment,2025-07-08T10:00:00Z,,as_a44_7_ua44_1,sc_cope
a44,ua44_1,generate_report,2025-07-08T11:53:00Z,r_a44_7_ua44_1,as_a44_7_ua44_1,sc_cope
a44,ua44_1,submit_assessment,2025-07-15T09:22:00Z,,as_a44_8_ua44_1,sc_gencat
a44,ua44_1,submit_assessment,2025-07-29T09:30:00Z,,as_a44_10_ua44_1,sc_gencat
a44,ua44_1,generate_report,2025-07-29T11:12:00Z,r_a44_10_ua44_1,as_a44_10_ua44_1,sc_gencat
a45,ua45_1,signup_completed,2025-05-22T09:00:00Z,,,
a45,ua45_1,submit_assessment,2025-05-22T10:23:00Z,,as_a45_0_ua45_1,sc_gencat
a45,ua45_1,submit_assessment,2025-05-29T09:30:00Z,,as_a45_1_ua45_1,sc_cope
a45,ua45_1,generate_report,2025-05-29T12:29:00Z,r_a45_1_ua45_1,as_a45_1_ua45_1,sc_cope
a45,ua45_1,submit_assessment,2025-06-05T10:11:00Z,,as_a45_2_ua45_1,sc_barthel
a45,ua45_1,submit_assessment,2025-06-12T10:42:00Z,,as_a45_3_ua45_1,sc_quality_of_life
a45,ua45_1,generate_report,2025-06-12T12:26:00Z,r_a45_3_ua45_1,as_a45_3_ua45_1,sc_quality_of_life
a45,ua45_2,submit_assessment,2025-06-12T10:17:00Z,,as_a45_3_ua45_2,sc_gencat
a45,ua45_2,submit_assessment,2025-06-19T09:50:00Z,,as_a45_4_ua45_2,sc_barthel
a45,ua45_2,generate_report,2025-06-19T11:58:00Z,r_a45_4_ua45_2,as_a45_4_ua45_2,sc_barthel
a45,ua45_1,submit_assessment,2025-07-03T10:36:00Z,,as_a45_6_ua45_1,sc_cope
a45,ua45_1,generate_report,2025-07-03T11:42:00Z,r_a45_6_ua45_1,as_a45_6_ua45_1,sc_cope
a45,ua45_1,submit_assessment,2025-08-07T10:38:00Z,,as_a45_11_ua45_1,sc_barthel
a45,ua45_1,generate_report,2025-08-07T12:06:00Z,r_a45_11_ua45_1,as_a45_11_ua45_1,sc_barthel
a45,ua45_1,submit_assessment,2025-08-14T09:07:00Z,,as_a45_12_ua45_1,sc_gencat
a45,ua45_1,generate_report,2025-08-14T11:12:00Z,r_a45_12_ua45_1,as_a45_12_ua45_1,sc_gencat
a46,ua46_1,signup_completed,2025-05-18T09:00:00Z,,,
a46,ua46_1,submit_assessment,2025-05-18T09:26:00Z,,as_a46_0_ua46_1,sc_gencat
a46,ua46_1,generate_report,2025-05-18T11:33:00Z,r_a46_0_ua46_1,as_a46_0_ua46_1,sc_gencat
a46,ua46_1,submit_assessment,2025-06-08T09:38:00Z,,as_a46_3_ua46_1,sc_gencat
a46,ua46_1,generate_report,2025-06-08T12:17:00Z,r_a46_3_ua46_1,as_a46_3_ua46_1,sc_gencat
a47,ua47_1,signup_completed,2025-05-13T09:00:00Z,,,
a47,ua47_1,submit_assessment,2025-05-27T09:56:00Z,,as_a47_2_ua47_1,sc_barthel
a47,ua47_1,submit_assessment,2025-07-22T10:33:00Z,,as_a47_10_ua47_1,sc_quality_of_life
a47,ua47_1,generate_report,2025-07-22T12:18:00Z,r_a47_10_ua47_1,as_a47_10_ua47_1,sc_quality_of_life
a48,ua48_1,signup_completed,2025-05-16T09:00:00Z,,,
a48,ua48_1,submit_assessment,2025-06-06T10:36:00Z,,as_a48_3_ua48_1,sc_cope
a48,ua48_1,generate_report,2025-06-06T12:13:00Z,r_a48_3_ua48_1,as_a48_3_ua48_1,sc_cope
a48,ua48_1,submit_assessment,2025-07-11T10:32:00Z,,as_a48_8_ua48_1,sc_gencat
a49,ua49_1,signup_completed,2025-05-17T09:00:00Z,,,
a49,ua49_1,submit_assessment,2025-05-17T09:46:00Z,,as_a49_0_ua49_1,sc_barthel
a49,ua49_1,generate_report,2025-05-17T12:05:00Z,r_a49_0_ua49_1,as_a49_0_ua49_1,sc_barthel
a49,ua49_1,submit_assessment,2025-05-31T09:55:00Z,,as_a49_2_ua49_1,sc_quality_of_life
a49,ua49_1,submit_assessment,2025-07-12T10:31:00Z,,as_a49_8_ua49_1,sc_cope
a49,ua49_1,generate_report,2025-07-12T12:21:00Z,r_a49_8_ua49_1,as_a49_8_ua49_1,sc_cope
a50,ua50_1,signup_completed,2025-05-09T09:00:00Z,,,
a50,ua50_1,submit_assessment,2025-05-09T09:41:00Z,,as_a50_0_ua50_1,sc_barthel
a50,ua50_1,generate_report,2025-05-09T11:45:00Z,r_a50_0_ua50_1,as_a50_0_ua50_1,sc_barthel
a50,ua50_1,submit_assessment,2025-05-16T09:15:00Z,,as_a50_1_ua50_1,sc_cope
a50,ua50_1,generate_report,2025-05-16T12:09:00Z,r_a50_1_ua50_1,as_a50_1_ua50_1,sc_cope
a50,ua50_1,submit_assessment,2025-05-23T10:58:00Z,,as_a50_2_ua50_1,sc_gencat
a50,ua50_1,generate_report,2025-05-23T11:53:00Z,r_a50_2_ua50_1,as_a50_2_ua50_1,sc_gencat
a50,ua50_1,submit_assessment,2025-05-30T10:39:00Z,,as_a50_3_ua50_1,sc_barthel
a50,ua50_1,generate_report,2025-05-30T11:59:00Z,r_a50_3_ua50_1,as_a50_3_ua50_1,sc_barthel
a50,ua50_1,submit_assessment,2025-06-06T09:30:00Z,,as_a50_4_ua50_1,sc_quality_of_life
a50,ua50_1,generate_report,2025-06-06T11:47:00Z,r_a50_4_ua50_1,as_a50_4_ua50_1,sc_quality_of_life
a50,ua50_1,submit_assessment,2025-06-13T10:23:00Z,,as_a50_5_ua50_1,sc_cope
a50,ua50_1,generate_report,2025-06-13T11:40:00Z,r_a50_5_ua50_1,as_a50_5_ua50_1,sc_cope
a50,ua50_1,submit_assessment,2025-06-20T09:33:00Z,,as_a50_6_ua50_1,sc_cope
a50,ua50_1,generate_report,2025-06-20T12:10:00Z,r_a50_6_ua50_1,as_a50_6_ua50_1,sc_cope
a50,ua50_1,submit_assessment,2025-06-27T09:06:00Z,,as_a50_7_ua50_1,sc_quality_of_life
a50,ua50_1,submit_assessment,2025-07-04T09:46:00Z,,as_a50_8_ua50_1,sc_gencat
a50,ua50_1,generate_report,2025-07-04T12:03:00Z,r_a50_8_ua50_1,as_a50_8_ua50_1,sc_gencat
a50,ua50_1,submit_assessment,2025-07-11T09:42:00Z,,as_a50_9_ua50_1,sc_gencat
a50,ua50_1,generate_report,2025-07-11T11:03:00Z,r_a50_9_ua50_1,as_a50_9_ua50_1,sc_gencat
a50,ua50_1,submit_assessment,2025-07-18T10:22:00Z,,as_a50_10_ua50_1,sc_barthel
a50,ua50_1,submit_assessment,2025-07-25T10:11:00Z,,as_a50_11_ua50_1,sc_barthel
a50,ua50_1,generate_report,2025-07-25T11:57:00Z,r_a50_11_ua50_1,as_a50_11_ua50_1,sc_barthel
a50,ua50_1,submit_assessment,2025-08-01T10:11:00Z,,as_a50_12_ua50_1,sc_barthel
a50,ua50_1,generate_report,2025-08-01T12:27:00Z,r_a50_12_ua50_1,as_a50_12_ua50_1,sc_barthel
a51,ua51_1,signup_completed,2025-05-26T09:00:00Z,,,
a51,ua51_1,submit_assessment,2025-05-26T10:30:00Z,,as_a51_0_ua51_1,sc_cope
a51,ua51_1,generate_report,2025-05-26T12:27:00Z,r_a51_0_ua51_1,as_a51_0_ua51_1,sc_cope
a51,ua51_2,submit_assessment,2025-06-02T09:39:00Z,,as_a51_1_ua51_2,sc_quality_of_life
a51,ua51_1,submit_assessment,2025-06-16T10:08:00Z,,as_a51_3_ua51_1,sc_barthel
a51,ua51_1,generate_report,2025-06-16T12:14:00Z,r_a51_3_ua51_1,as_a51_3_ua51_1,sc_barthel
a51,ua51_2,submit_assessment,2025-06-16T10:56:00Z,,as_a51_3_ua51_2,sc_cope
a51,ua51_2,generate_report,2025-06-16T11:15:00Z,r_a51_3_ua51_2,as_a51_3_ua51_2,sc_cope
a51,ua51_2,submit_assessment,2025-06-23T09:42:00Z,,as_a51_4_ua51_2,sc_cope
a51,ua51_2,generate_report,2025-06-23T12:08:00Z,r_a51_4_ua51_2,as_a51_4_ua51_2,sc_cope
a51,ua51_1,submit_assessment,2025-06-30T10:27:00Z,,as_a51_5_ua51_1,sc_quality_of_life
a51,ua51_1,generate_report,2025-06-30T12:36:00Z,r_a51_5_ua51_1,as_a51_5_ua51_1,sc_quality_of_life
a51,ua51_1,submit_assessment,2025-07-14T09:43:00Z,,as_a51_7_ua51_1,sc_quality_of_life
a51,ua51_1,generate_report,2025-07-14T11:39:00Z,r_a51_7_ua51_1,as_a51_7_ua51_1,sc_quality_of_life
a51,ua51_1,submit_assessment,2025-07-28T10:19:00Z,,as_a51_9_ua51_1,sc_quality_of_life
a51,ua51_1,generate_report,2025-07-28T11:43:00Z,r_a51_9_ua51_1,as_a51_9_ua51_1,sc_quality_of_life
a51,ua51_1,submit_assessment,2025-08-04T09:46:00Z,,as_a51_10_ua51_1,sc_gencat
a51,ua51_1,generate_report,2025-08-04T11:55:00Z,r_a51_10_ua51_1,as_a51_10_ua51_1,sc_gencat
a52,ua52_1,signup_completed,2025-05-23T09:00:00Z,,,
a52,ua52_1,submit_assessment,2025-05-23T09:43:00Z,,as_a52_0_ua52_1,sc_quality_of_life
a52,ua52_2,submit_assessment,2025-05-23T10:11:00Z,,as_a52_0_ua52_2,sc_quality_of_life
a52,ua52_1,submit_assessment,2025-05-30T09:50:00Z,,as_a52_1_ua52_1,sc_quality_of_life
a52,ua52_1,generate_report,2025-05-30T12:27:00Z,r_a52_1_ua52_1,as_a52_1_ua52_1,sc_quality_of_life
a52,ua52_1,submit_assessment,2025-06-06T09:17:00Z,,as_a52_2_ua52_1,sc_gencat
a52,ua52_1,generate_report,2025-06-06T12:05:00Z,r_a52_2_ua52_1,as_a52_2_ua52_1,sc_gencat
a52,ua52_2,submit_assessment,2025-06-06T10:57:00Z,,as_a52_2_ua52_2,sc_gencat
a52,ua52_2,generate_report,2025-06-06T11:54:00Z,r_a52_2_ua52_2,as_a52_2_ua52_2,sc_gencat
a52,ua52_1,submit_assessment,2025-07-04T09:45:00Z,,as_a52_6_ua52_1,sc_cope
a52,ua52_1,generate_report,2025-07-04T11:10:00Z,r_a52_6_ua52_1,as_a52_6_ua52_1,sc_cope
a52,ua52_1,submit_assessment,2025-07-18T10:28:00Z,,as_a52_8_ua52_1,sc_barthel
a53,ua53_1,signup_completed,2025-05-09T09:00:00Z,,,
a53,ua53_1,submit_assessment,2025-05-09T10:09:00Z,,as_a53_0_ua53_1,sc_gencat
a53,ua53_2,submit_assessment,2025-05-09T10:25:00Z,,as_a53_0_ua53_2,sc_barthel
a53,ua53_2,generate_report,2025-05-09T11:14:00Z,r_a53_0_ua53_2,as_a53_0_ua53_2,sc_barthel
a53,ua53_1,submit_assessment,2025-05-16T10:45:00Z,,as_a53_1_ua53_1,sc_barthel
a53,ua53_1,generate_report,2025-05-16T12:31:00Z,r_a53_1_ua53_1,as_a53_1_ua53_1,sc_barthel
a53,ua53_2,submit_assessment,2025-05-16T09:43:00Z,,as_a53_1_ua53_2,sc_barthel
a53,ua53_2,generate_report,2025-05-16T11:13:00Z,r_a53_1_ua53_2,as_a53_1_ua53_2,sc_barthel
a53,ua53_1,submit_assessment,2025-05-23T09:27:00Z,,as_a53_2_ua53_1,sc_gencat
a53,ua53_1,generate_report,2025-05-23T12:11:00Z,r_a53_2_ua53_1,as_a53_2_ua53_1,sc_gencat
a53,ua53_1,submit_assessment,2025-06-06T10:18:00Z,,as_a53_4_ua53_1,sc_gencat
a53,ua53_1,generate_report,2025-06-06T12:18:00Z,r_a53_4_ua53_1,as_a53_4_ua53_1,sc_gencat
a53,ua53_1,submit_assessment,2025-06-13T10:11:00Z,,as_a53_5_ua53_1,sc_gencat
a53,ua53_1,submit_assessment,2025-06-20T09:14:00Z,,as_a53_6_ua53_1,sc_barthel
a53,ua53_1,generate_report,2025-06-20T12:07:00Z,r_a53_6_ua53_1,as_a53_6_ua53_1,sc_barthel
a53,ua53_1,submit_assessment,2025-06-27T10:23:00Z,,as_a53_7_ua53_1,sc_quality_of_life
a53,ua53_1,generate_report,2025-06-27T11:08:00Z,r_a53_7_ua53_1,as_a53_7_ua53_1,sc_quality_of_life
a53,ua53_1,submit_assessment,2025-07-25T09:50:00Z,,as_a53_11_ua53_1,sc_gencat
a53,ua53_1,generate_report,2025-07-25T11:05:00Z,r_a53_11_ua53_1,as_a53_11_ua53_1,sc_gencat
a53,ua53_1,submit_assessment,2025-08-01T10:54:00Z,,as_a53_12_ua53_1,sc_barthel
a54,ua54_1,signup_completed,2025-05-23T09:00:00Z,,,
a54,ua54_1,submit_assessment,2025-05-23T10:24:00Z,,as_a54_0_ua54_1,sc_quality_of_life
a54,ua54_1,generate_report,2025-05-23T11:07:00Z,r_a54_0_ua54_1,as_a54_0_ua54_1,sc_quality_of_life
a54,ua54_1,submit_assessment,2025-05-30T10:01:00Z,,as_a54_1_ua54_1,sc_barthel
a54,ua54_1,generate_report,2025-05-30T11:31:00Z,r_a54_1_ua54_1,as_a54_1_ua54_1,sc_barthel
a54,ua54_2,submit_assessment,2025-05-30T09:25:00Z,,as_a54_1_ua54_2,sc_barthel
a54,ua54_1,submit_assessment,2025-06-06T09:43:00Z,,as_a54_2_ua54_1,sc_quality_of_life
a54,ua54_1,generate_report,2025-06-06T11:33:00Z,r_a54_2_ua54_1,as_a54_2_ua54_1,sc_quality_of_life
a54,ua54_1,submit_assessment,2025-06-13T09:36:00Z,,as_a54_3_ua54_1,sc_barthel
a54,ua54_1,submit_assessment,2025-06-20T09:44:00Z,,as_a54_4_ua54_1,sc_quality_of_life
a54,ua54_1,generate_report,2025-06-20T12:32:00Z,r_a54_4_ua54_1,as_a54_4_ua54_1,sc_quality_of_life
a54,ua54_1,submit_assessment,2025-06-27T09:16:00Z,,as_a54_5_ua54_1,sc_gencat
a54,ua54_1,generate_report,2025-06-27T11:46:00Z,r_a54_5_ua54_1,as_a54_5_ua54_1,sc_gencat
a54,ua54_1,submit_assessment,2025-07-04T10:57:00Z,,as_a54_6_ua54_1,sc_barthel
a54,ua54_1,generate_report,2025-07-04T12:12:00Z,r_a54_6_ua54_1,as_a54_6_ua54_1,sc_barthel
a54,ua54_1,submit_assessment,2025-07-11T10:13:00Z,,as_a54_7_ua54_1,sc_cope
a54,ua54_1,submit_assessment,2025-07-18T09:20:00Z,,as_a54_8_ua54_1,sc_barthel
a54,ua54_1,generate_report,2025-07-18T11:45:00Z,r_a54_8_ua54_1,as_a54_8_ua54_1,sc_barthel
a54,ua54_1,submit_assessment,2025-08-01T09:41:00Z,,as_a54_10_ua54_1,sc_quality_of_life
a54,ua54_1,generate_report,2025-08-01T11:56:00Z,r_a54_10_ua54_1,as_a54_10_ua54_1,sc_quality_of_life
a54,ua54_1,submit_assessment,2025-08-08T09:48:00Z,,as_a54_11_ua54_1,sc_barthel
a54,ua54_1,submit_assessment,2025-08-15T09:16:00Z,,as_a54_12_ua54_1,sc_gencat
a54,ua54_1,generate_report,2025-08-15T12:10:00Z,r_a54_12_ua54_1,as_a54_12_ua54_1,sc_gencat
a55,ua55_1,signup_completed,2025-05-21T09:00:00Z,,,
a55,ua55_1,submit_assessment,2025-05-28T10:04:00Z,,as_a55_1_ua55_1,sc_quality_of_life
a55,ua55_1,submit_assessment,2025-06-11T09:32:00Z,,as_a55_3_ua55_1,sc_cope
a56,ua56_1,signup_completed,2025-05-25T09:00:00Z,,,
a56,ua56_1,submit_assessment,2025-05-25T10:20:00Z,,as_a56_0_ua56_1,sc_quality_of_life
a56,ua56_1,submit_assessment,2025-06-22T10:31:00Z,,as_a56_4_ua56_1,sc_barthel
a56,ua56_1,generate_report,2025-06-22T12:10:00Z,r_a56_4_ua56_1,as_a56_4_ua56_1,sc_barthel
a56,ua56_1,submit_assessment,2025-07-20T09:44:00Z,,as_a56_8_ua56_1,sc_gencat
a56,ua56_1,generate_report,2025-07-20T12:31:00Z,r_a56_8_ua56_1,as_a56_8_ua56_1,sc_gencat
a57,ua57_1,signup_completed,2025-05-06T09:00:00Z,,,
a57,ua57_1,submit_assessment,2025-05-13T10:48:00Z,,as_a57_1_ua57_1,sc_cope
a57,ua57_1,generate_report,2025-05-13T11:39:00Z,r_a57_1_ua57_1,as_a57_1_ua57_1,sc_cope
a57,ua57_1,submit_assessment,2025-05-20T09:16:00Z,,as_a57_2_ua57_1,sc_cope
a57,ua57_1,generate_report,2025-05-20T11:17:00Z,r_a57_2_ua57_1,as_a57_2_ua57_1,sc_cope
a58,ua58_1,signup_completed,2025-05-26T09:00:00Z,,,
a58,ua58_1,submit_assessment,2025-05-26T10:59:00Z,,as_a58_0_ua58_1,sc_cope
a58,ua58_1,generate_report,2025-05-26T12:25:00Z,r_a58_0_ua58_1,as_a58_0_ua58_1,sc_cope
a58,ua58_1,submit_assessment,2025-07-07T09:19:00Z,,as_a58_6_ua58_1,sc_cope
a58,ua58_1,generate_report,2025-07-07T12:18:00Z,r_a58_6_ua58_1,as_a58_6_ua58_1,sc_cope
a58,ua58_1,submit_assessment,2025-07-28T10:22:00Z,,as_a58_9_ua58_1,sc_barthel
a58,ua58_1,generate_report,2025-07-28T11:26:00Z,r_a58_9_ua58_1,as_a58_9_ua58_1,sc_barthel
a59,ua59_1,signup_completed,2025-05-17T09:00:00Z,,,
a59,ua59_1,submit_assessment,2025-05-17T10:17:00Z,,as_a59_0_ua59_1,sc_gencat
a59,ua59_1,submit_assessment,2025-05-24T10:00:00Z,,as_a59_1_ua59_1,sc_cope
a59,ua59_1,submit_assessment,2025-07-05T09:31:00Z,,as_a59_7_ua59_1,sc_cope
a59,ua59_1,submit_assessment,2025-07-12T09:58:00Z,,as_a59_8_ua59_1,sc_barthel
a59,ua59_1,submit_assessment,2025-07-19T09:40:00Z,,as_a59_9_ua59_1,sc_gencat
a59,ua59_1,generate_report,2025-07-19T11:45:00Z,r_a59_9_ua59_1,as_a59_9_ua59_1,sc_gencat
a59,ua59_1,submit_assessment,2025-08-02T10:33:00Z,,as_a59_11_ua59_1,sc_cope
a59,ua59_1,generate_report,2025-08-02T12:29:00Z,r_a59_11_ua59_1,as_a59_11_ua59_1,sc_cope
a60,ua60_1,signup_completed,2025-05-20T09:00:00Z,,,
a60,ua60_1,submit_assessment,2025-06-03T09:59:00Z,,as_a60_2_ua60_1,sc_gencat
a61,ua61_1,signup_completed,2025-05-06T09:00:00Z,,,
a61,ua61_1,submit_assessment,2025-05-06T09:26:00Z,,as_a61_0_ua61_1,sc_barthel
a61,ua61_1,generate_report,2025-05-06T11:53:00Z,r_a61_0_ua61_1,as_a61_0_ua61_1,sc_barthel
a61,ua61_4,submit_assessment,2025-05-06T09:22:00Z,,as_a61_0_ua61_4,sc_cope
a61,ua61_4,generate_report,2025-05-06T12:31:00Z,r_a61_0_ua61_4,as_a61_0_ua61_4,sc_cope
a61,ua61_1,submit_assessment,2025-05-13T09:05:00Z,,as_a61_1_ua61_1,sc_gencat
a61,ua61_1,generate_report,2025-05-13T11:57:00Z,r_a61_1_ua61_1,as_a61_1_ua61_1,sc_gencat
a61,ua61_5,submit_assessment,2025-05-13T10:34:00Z,,as_a61_1_ua61_5,sc_cope
a61,ua61_5,generate_report,2025-05-13T12:31:00Z,r_a61_1_ua61_5,as_a61_1_ua61_5,sc_cope
a61,ua61_3,submit_assessment,2025-05-20T10:31:00Z,,as_a61_2_ua61_3,sc_gencat
a61,ua61_1,submit_assessment,2025-06-03T09:31:00Z,,as_a61_4_ua61_1,sc_quality_of_life
a61,ua61_1,generate_report,2025-06-03T11:36:00Z,r_a61_4_ua61_1,as_a61_4_ua61_1,sc_quality_of_life
a61,ua61_4,submit_assessment,2025-06-03T10:34:00Z,,as_a61_4_ua61_4,sc_barthel
a61,ua61_4,generate_report,2025-06-03T11:15:00Z,r_a61_4_ua61_4,as_a61_4_ua61_4,sc_barthel
a61,ua61_1,submit_assessment,2025-06-10T09:42:00Z,,as_a61_5_ua61_1,sc_cope
a61,ua61_1,generate_report,2025-06-10T11:10:00Z,r_a61_5_ua61_1,as_a61_5_ua61_1,sc_cope
a61,ua61_5,submit_assessment,2025-06-10T10:41:00Z,,as_a61_5_ua61_5,sc_quality_of_life
a61,ua61_5,generate_report,2025-06-10T12:36:00Z,r_a61_5_ua61_5,as_a61_5_ua61_5,sc_quality_of_life
a61,ua61_1,submit_assessment,2025-06-24T10:00:00Z,,as_a61_7_ua61_1,sc_quality_of_life
a61,ua61_1,generate_report,2025-06-24T12:10:00Z,r_a61_7_ua61_1,as_a61_7_ua61_1,sc_quality_of_life
a61,ua61_1,submit_assessment,2025-07-01T10:27:00Z,,as_a61_8_ua61_1,sc_barthel
a61,ua61_1,generate_report,2025-07-01T12:19:00Z,r_a61_8_ua61_1,as_a61_8_ua61_1,sc_barthel
a61,ua61_1,submit_assessment,2025-07-15T10:40:00Z,,as_a61_10_ua61_1,sc_gencat
a61,ua61_1,generate_report,2025-07-15T12:40:00Z,r_a61_10_ua61_1,as_a61_10_ua61_1,sc_gencat
a61,ua61_1,submit_assessment,2025-07-22T09:28:00Z,,as_a61_11_ua61_1,sc_cope
a62,ua62_1,signup_completed,2025-05-19T09:00:00Z,,,
a62,ua62_1,submit_assessment,2025-05-19T10:40:00Z,,as_a62_0_ua62_1,sc_cope
a62,ua62_1,generate_report,2025-05-19T11:49:00Z,r_a62_0_ua62_1,as_a62_0_ua62_1,sc_cope
a62,ua62_1,submit_assessment,2025-05-26T09:22:00Z,,as_a62_1_ua62_1,sc_cope
a62,ua62_1,generate_report,2025-05-26T11:48:00Z,r_a62_1_ua62_1,as_a62_1_ua62_1,sc_cope
a62,ua62_1,submit_assessment,2025-06-02T11:00:00Z,,as_a62_2_ua62_1,sc_quality_of_life
a62,ua62_1,generate_report,2025-06-02T11:28:00Z,r_a62_2_ua62_1,as_a62_2_ua62_1,sc_quality_of_life
a62,ua62_2,submit_assessment,2025-06-02T10:38:00Z,,as_a62_2_ua62_2,sc_quality_of_life
a62,ua62_2,generate_report,2025-06-02T11:39:00Z,r_a62_2_ua62_2,as_a62_2_ua62_2,sc_quality_of_life
a62,ua62_1,submit_assessment,2025-06-09T10:33:00Z,,as_a62_3_ua62_1,sc_gencat
a62,ua62_1,generate_report,2025-06-09T11:18:00Z,r_a62_3_ua62_1,as_a62_3_ua62_1,sc_gencat
a62,ua62_1,submit_assessment,2025-06-16T10:53:00Z,,as_a62_4_ua62_1,sc_barthel
a62,ua62_1,generate_report,2025-06-16T11:25:00Z,r_a62_4_ua62_1,as_a62_4_ua62_1,sc_barthel
a62,ua62_2,submit_assessment,2025-06-16T09:05:00Z,,as_a62_4_ua62_2,sc_cope
a62,ua62_2,generate_report,2025-06-16T12:19:00Z,r_a62_4_ua62_2,as_a62_4_ua62_2,sc_cope
a62,ua62_1,submit_assessment,2025-07-07T09:14:00Z,,as_a62_7_ua62_1,sc_cope
a62,ua62_1,submit_assessment,2025-07-14T10:58:00Z,,as_a62_8_ua62_1,sc_quality_of_life
a62,ua62_1,generate_report,2025-07-14T11:57:00Z,r_a62_8_ua62_1,as_a62_8_ua62_1,sc_quality_of_life
a62,ua62_1,submit_assessment,2025-07-21T11:00:00Z,,as_a62_9_ua62_1,sc_gencat
a62,ua62_1,submit_assessment,2025-07-28T10:01:00Z,,as_a62_10_ua62_1,sc_barthel
a63,ua63_1,signup_completed,2025-05-06T09:00:00Z,,,
a63,ua63_1,submit_assessment,2025-05-06T10:13:00Z,,as_a63_0_ua63_1,sc_quality_of_life
a63,ua63_1,submit_assessment,2025-05-20T10:22:00Z,,as_a63_2_ua63_1,sc_cope
a63,ua63_1,submit_assessment,2025-05-27T09:43:00Z,,as_a63_3_ua63_1,sc_gencat
a63,ua63_3,submit_assessment,2025-06-10T10:16:00Z,,as_a63_5_ua63_3,sc_cope
a63,ua63_3,generate_report,2025-06-10T11:54:00Z,r_a63_5_ua63_3,as_a63_5_ua63_3,sc_cope
a63,ua63_1,submit_assessment,2025-06-17T09:55:00Z,,as_a63_6_ua63_1,sc_quality_of_life
a63,ua63_1,generate_report,2025-06-17T11:30:00Z,r_a63_6_ua63_1,as_a63_6_ua63_1,sc_quality_of_life
a63,ua63_2,submit_assessment,2025-06-24T10:28:00Z,,as_a63_7_ua63_2,sc_cope
a63,ua63_2,generate_report,2025-06-24T12:08:00Z,r_a63_7_ua63_2,as_a63_7_ua63_2,sc_cope
a63,ua63_1,submit_assessment,2025-07-08T10:39:00Z,,as_a63_9_ua63_1,sc_barthel
a63,ua63_1,generate_report,2025-07-08T12:16:00Z,r_a63_9_ua63_1,as_a63_9_ua63_1,sc_barthel
a63,ua63_1,submit_assessment,2025-07-22T10:25:00Z,,as_a63_11_ua63_1,sc_barthel
a63,ua63_1,submit_assessment,2025-07-29T10:14:00Z,,as_a63_12_ua63_1,sc_quality_of_life
a63,ua63_1,generate_report,2025-07-29T11:25:00Z,r_a63_12_ua63_1,as_a63_12_ua63_1,sc_quality_of_life
a64,ua64_1,signup_completed,2025-05-22T09:00:00Z,,,
a64,ua64_1,submit_assessment,2025-05-22T09:52:00Z,,as_a64_0_ua64_1,sc_gencat
a64,ua64_1,submit_assessment,2025-05-29T09:06:00Z,,as_a64_1_ua64_1,sc_barthel
a64,ua64_2,submit_assessment,2025-06-05T10:24:00Z,,as_a64_2_ua64_2,sc_barthel
a64,ua64_1,submit_assessment,2025-06-26T09:20:00Z,,as_a64_5_ua64_1,sc_cope
a64,ua64_1,generate_report,2025-06-26T12:06:00Z,r_a64_5_ua64_1,as_a64_5_ua64_1,sc_cope
a64,ua64_1,submit_assessment,2025-07-24T09:17:00Z,,as_a64_9_ua64_1,sc_cope
a64,ua64_1,generate_report,2025-07-24T11:42:00Z,r_a64_9_ua64_1,as_a64_9_ua64_1,sc_cope
a64,ua64_1,submit_assessment,2025-08-07T09:37:00Z,,as_a64_11_ua64_1,sc_gencat
a64,ua64_1,generate_report,2025-08-07T12:29:00Z,r_a64_11_ua64_1,as_a64_11_ua64_1,sc_gencat
a65,ua65_1,signup_completed,2025-05-05T09:00:00Z,,,
a65,ua65_1,submit_assessment,2025-05-05T10:46:00Z,,as_a65_0_ua65_1,sc_barthel
a65,ua65_1,generate_report,2025-05-05T11:15:00Z,r_a65_0_ua65_1,as_a65_0_ua65_1,sc_barthel
a65,ua65_1,submit_assessment,2025-05-12T10:56:00Z,,as_a65_1_ua65_1,sc_cope
a65,ua65_2,submit_assessment,2025-05-12T10:20:00Z,,as_a65_1_ua65_2,sc_gencat
a65,ua65_1,submit_assessment,2025-05-19T10:01:00Z,,as_a65_2_ua65_1,sc_cope
a65,ua65_1,generate_report,2025-05-19T11:44:00Z,r_a65_2_ua65_1,as_a65_2_ua65_1,sc_cope
a65,ua65_1,submit_assessment,2025-05-26T10:56:00Z,,as_a65_3_ua65_1,sc_quality_of_life
a65,ua65_1,generate_report,2025-05-26T11:05:00Z,r_a65_3_ua65_1,as_a65_3_ua65_1,sc_quality_of_life
a65,ua65_1,submit_assessment,2025-06-16T10:56:00Z,,as_a65_6_ua65_1,sc_gencat
a65,ua65_1,submit_assessment,2025-06-23T09:47:00Z,,as_a65_7_ua65_1,sc_cope
a65,ua65_1,generate_report,2025-06-23T11:40:00Z,r_a65_7_ua65_1,as_a65_7_ua65_1,sc_cope
a65,ua65_1,submit_assessment,2025-07-14T10:49:00Z,,as_a65_10_ua65_1,sc_gencat
a65,ua65_1,generate_report,2025-07-14T12:00:00Z,r_a65_10_ua65_1,as_a65_10_ua65_1,sc_gencat
a65,ua65_1,submit_assessment,2025-07-21T09:54:00Z,,as_a65_11_ua65_1,sc_quality_of_life
a65,ua65_1,submit_assessment,2025-07-28T10:19:00Z,,as_a65_12_ua65_1,sc_cope
a65,ua65_1,generate_report,2025-07-28T11:30:00Z,r_a65_12_ua65_1,as_a65_12_ua65_1,sc_cope
a66,ua66_1,signup_completed,2025-05-17T09:00:00Z,,,
a66,ua66_2,submit_assessment,2025-05-17T10:38:00Z,,as_a66_0_ua66_2,sc_gencat
a66,ua66_1,submit_assessment,2025-05-24T09:50:00Z,,as_a66_1_ua66_1,sc_cope
a66,ua66_1,generate_report,2025-05-24T12:08:00Z,r_a66_1_ua66_1,as_a66_1_ua66_1,sc_cope
a66,ua66_2,submit_assessment,2025-05-24T10:34:00Z,,as_a66_1_ua66_2,sc_gencat
a66,ua66_2,generate_report,2025-05-24T12:12:00Z,r_a66_1_ua66_2,as_a66_1_ua66_2,sc_gencat
a66,ua66_1,submit_assessment,2025-05-31T10:44:00Z,,as_a66_2_ua66_1,sc_gencat
a66,ua66_1,generate_report,2025-05-31T12:14:00Z,r_a66_2_ua66_1,as_a66_2_ua66_1,sc_gencat
a66,ua66_1,submit_assessment,2025-06-07T10:46:00Z,,as_a66_3_ua66_1,sc_cope
a66,ua66_1,submit_assessment,2025-06-28T10:39:00Z,,as_a66_6_ua66_1,sc_cope
a66,ua66_1,generate_report,2025-06-28T12:22:00Z,r_a66_6_ua66_1,as_a66_6_ua66_1,sc_cope
a66,ua66_1,submit_assessment,2025-07-05T09:47:00Z,,as_a66_7_ua66_1,sc_quality_of_life
a66,ua66_1,generate_report,2025-07-05T11:44:00Z,r_a66_7_ua66_1,as_a66_7_ua66_1,sc_quality_of_life
a67,ua67_1,signup_completed,2025-05-16T09:00:00Z,,,
a67,ua67_1,submit_assessment,2025-05-30T09:05:00Z,,as_a67_2_ua67_1,sc_gencat
a68,ua68_1,signup_completed,2025-05-20T09:00:00Z,,,
a68,ua68_1,submit_assessment,2025-05-27T10:19:00Z,,as_a68_1_ua68_1,sc_barthel
a68,ua68_1,generate_report,2025-05-27T12:15:00Z,r_a68_1_ua68_1,as_a68_1_ua68_1,sc_barthel
a68,ua68_2,submit_assessment,2025-05-27T09:50:00Z,,as_a68_1_ua68_2,sc_quality_of_life
a68,ua68_1,submit_assessment,2025-06-10T10:14:00Z,,as_a68_3_ua68_1,sc_cope
a68,ua68_1,generate_report,2025-06-10T11:22:00Z,r_a68_3_ua68_1,as_a68_3_ua68_1,sc_cope
a68,ua68_1,submit_assessment,2025-06-17T10:02:00Z,,as_a68_4_ua68_1,sc_quality_of_life
a68,ua68_1,generate_report,2025-06-17T12:18:00Z,r_a68_4_ua68_1,as_a68_4_ua68_1,sc_quality_of_life
a68,ua68_2,submit_assessment,2025-06-17T09:30:00Z,,as_a68_4_ua68_2,sc_barthel
a68,ua68_2,generate_report,2025-06-17T11:08:00Z,r_a68_4_ua68_2,as_a68_4_ua68_2,sc_barthel
a68,ua68_1,submit_assessment,2025-06-24T09:14:00Z,,as_a68_5_ua68_1,sc_barthel
a68,ua68_1,submit_assessment,2025-07-01T09:05:00Z,,as_a68_6_ua68_1,sc_gencat
a68,ua68_1,generate_report,2025-07-01T12:09:00Z,r_a68_6_ua68_1,as_a68_6_ua68_1,sc_gencat
a68,ua68_1,submit_assessment,2025-07-08T09:08:00Z,,as_a68_7_ua68_1,sc_cope
a68,ua68_1,generate_report,2025-07-08T11:42:00Z,r_a68_7_ua68_1,as_a68_7_ua68_1,sc_cope
a68,ua68_1,submit_assessment,2025-07-15T09:56:00Z,,as_a68_8_ua68_1,sc_quality_of_life
a68,ua68_1,generate_report,2025-07-15T11:44:00Z,r_a68_8_ua68_1,as_a68_8_ua68_1,sc_quality_of_life
a68,ua68_3,submit_assessment,2025-07-22T10:44:00Z,,as_a68_9_ua68_3,sc_cope
a68,ua68_3,generate_report,2025-07-22T12:17:00Z,r_a68_9_ua68_3,as_a68_9_ua68_3,sc_cope
a68,ua68_1,submit_assessment,2025-08-05T10:17:00Z,,as_a68_11_ua68_1,sc_cope
a68,ua68_1,submit_assessment,2025-08-12T09:25:00Z,,as_a68_12_ua68_1,sc_cope
a68,ua68_1,generate_report,2025-08-12T11:20:00Z,r_a68_12_ua68_1,as_a68_12_ua68_1,sc_cope
a69,ua69_1,signup_completed,2025-05-19T09:00:00Z,,,
a69,ua69_1,submit_assessment,2025-05-19T09:50:00Z,,as_a69_0_ua69_1,sc_barthel
a69,ua69_1,submit_assessment,2025-05-26T10:29:00Z,,as_a69_1_ua69_1,sc_gencat
a69,ua69_1,submit_assessment,2025-06-09T10:49:00Z,,as_a69_3_ua69_1,sc_cope
a70,ua70_1,signup_completed,2025-05-14T09:00:00Z,,,
a70,ua70_1,submit_assessment,2025-05-14T10:28:00Z,,as_a70_0_ua70_1,sc_barthel
a70,ua70_1,submit_assessment,2025-05-21T09:08:00Z,,as_a70_1_ua70_1,sc_barthel
a70,ua70_1,generate_report,2025-05-21T11:16:00Z,r_a70_1_ua70_1,as_a70_1_ua70_1,sc_barthel
a70,ua70_2,submit_assessment,2025-05-21T10:16:00Z,,as_a70_1_ua70_2,sc_gencat
a70,ua70_1,submit_assessment,2025-06-11T10:44:00Z,,as_a70_4_ua70_1,sc_cope
a70,ua70_1,submit_assessment,2025-06-18T09:32:00Z,,as_a70_5_ua70_1,sc_quality_of_life
a70,ua70_1,generate_report,2025-06-18T11:45:00Z,r_a70_5_ua70_1,as_a70_5_ua70_1,sc_quality_of_life
a70,ua70_1,submit_assessment,2025-07-02T09:46:00Z,,as_a70_7_ua70_1,sc_gencat
a70,ua70_1,submit_assessment,2025-07-09T09:13:00Z,,as_a70_8_ua70_1,sc_barthel
a70,ua70_1,submit_assessment,2025-07-30T10:17:00Z,,as_a70_11_ua70_1,sc_gencat
a70,ua70_1,generate_report,2025-07-30T11:49:00Z,r_a70_11_ua70_1,as_a70_11_ua70_1,sc_gencat
a71,ua71_1,signup_completed,2025-05-15T09:00:00Z,,,
a71,ua71_1,submit_assessment,2025-05-22T09:07:00Z,,as_a71_1_ua71_1,sc_cope
a71,ua71_1,generate_report,2025-05-22T11:56:00Z,r_a71_1_ua71_1,as_a71_1_ua71_1,sc_cope
a71,ua71_1,submit_assessment,2025-05-29T09:31:00Z,,as_a71_2_ua71_1,sc_cope
a71,ua71_1,generate_report,2025-05-29T11:55:00Z,r_a71_2_ua71_1,as_a71_2_ua71_1,sc_cope
a72,ua72_1,signup_completed,2025-05-20T09:00:00Z,,,
a72,ua72_1,submit_assessment,2025-05-27T09:05:00Z,,as_a72_1_ua72_1,sc_cope
a72,ua72_1,generate_report,2025-05-27T11:32:00Z,r_a72_1_ua72_1,as_a72_1_ua72_1,sc_cope
a72,ua72_1,submit_assessment,2025-06-03T09:32:00Z,,as_a72_2_ua72_1,sc_quality_of_life
a72,ua72_1,generate_report,2025-06-03T11:27:00Z,r_a72_2_ua72_1,as_a72_2_ua72_1,sc_quality_of_life
a72,ua72_1,submit_assessment,2025-06-24T09:28:00Z,,as_a72_5_ua72_1,sc_quality_of_life
a72,ua72_1,generate_report,2025-06-24T11:18:00Z,r_a72_5_ua72_1,as_a72_5_ua72_1,sc_quality_of_life
a72,ua72_1,submit_assessment,2025-07-15T09:24:00Z,,as_a72_8_ua72_1,sc_barthel
a72,ua72_1,submit_assessment,2025-07-22T09:24:00Z,,as_a72_9_ua72_1,sc_cope
a72,ua72_1,generate_report,2025-07-22T11:46:00Z,r_a72_9_ua72_1,as_a72_9_ua72_1,sc_cope
a73,ua73_1,signup_completed,2025-05-10T09:00:00Z,,,
a73,ua73_1,submit_assessment,2025-05-10T10:27:00Z,,as_a73_0_ua73_1,sc_cope
a73,ua73_1,submit_assessment,2025-06-07T09:30:00Z,,as_a73_4_ua73_1,sc_gencat
a73,ua73_1,submit_assessment,2025-06-21T10:18:00Z,,as_a73_6_ua73_1,sc_gencat
a73,ua73_1,generate_report,2025-06-21T11:14:00Z,r_a73_6_ua73_1,as_a73_6_ua73_1,sc_gencat
a73,ua73_1,submit_assessment,2025-07-05T09:13:00Z,,as_a73_8_ua73_1,sc_cope
a74,ua74_1,signup_completed,2025-05-11T09:00:00Z,,,
a74,ua74_1,submit_assessment,2025-05-11T10:26:00Z,,as_a74_0_ua74_1,sc_gencat
a74,ua74_1,submit_assessment,2025-05-25T10:52:00Z,,as_a74_2_ua74_1,sc_cope
a74,ua74_1,generate_report,2025-05-25T11:10:00Z,r_a74_2_ua74_1,as_a74_2_ua74_1,sc_cope
a75,ua75_1,signup_completed,2025-05-21T09:00:00Z,,,
a75,ua75_1,submit_assessment,2025-05-21T09:39:00Z,,as_a75_0_ua75_1,sc_cope
a75,ua75_1,generate_report,2025-05-21T12:29:00Z,r_a75_0_ua75_1,as_a75_0_ua75_1,sc_cope
a75,ua75_1,submit_assessment,2025-05-28T10:33:00Z,,as_a75_1_ua75_1,sc_cope
a75,ua75_1,generate_report,2025-05-28T12:36:00Z,r_a75_1_ua75_1,as_a75_1_ua75_1,sc_cope
a75,ua75_3,submit_assessment,2025-05-28T09:59:00Z,,as_a75_1_ua75_3,sc_quality_of_life
a75,ua75_3,generate_report,2025-05-28T11:54:00Z,r_a75_1_ua75_3,as_a75_1_ua75_3,sc_quality_of_life
a75,ua75_1,submit_assessment,2025-06-04T10:47:00Z,,as_a75_2_ua75_1,sc_quality_of_life
a75,ua75_1,generate_report,2025-06-04T12:22:00Z,r_a75_2_ua75_1,as_a75_2_ua75_1,sc_quality_of_life
a75,ua75_2,submit_assessment,2025-06-04T10:33:00Z,,as_a75_2_ua75_2,sc_cope
a75,ua75_2,generate_report,2025-06-04T11:49:00Z,r_a75_2_ua75_2,as_a75_2_ua75_2,sc_cope
a75,ua75_1,submit_assessment,2025-06-11T10:52:00Z,,as_a75_3_ua75_1,sc_barthel
a75,ua75_1,generate_report,2025-06-11T11:05:00Z,r_a75_3_ua75_1,as_a75_3_ua75_1,sc_barthel
a75,ua75_3,submit_assessment,2025-06-18T10:03:00Z,,as_a75_4_ua75_3,sc_cope
a75,ua75_1,submit_assessment,2025-06-25T09:35:00Z,,as_a75_5_ua75_1,sc_quality_of_life
a75,ua75_1,submit_assessment,2025-07-02T09:55:00Z,,as_a75_6_ua75_1,sc_barthel
a75,ua75_1,submit_assessment,2025-07-16T10:23:00Z,,as_a75_8_ua75_1,sc_gencat
a75,ua75_1,submit_assessment,2025-07-30T10:18:00Z,,as_a75_10_ua75_1,sc_quality_of_life
a75,ua75_1,generate_report,2025-07-30T11:19:00Z,r_a75_10_ua75_1,as_a75_10_ua75_1,sc_quality_of_life
a75,ua75_1,submit_assessment,2025-08-13T09:24:00Z,,as_a75_12_ua75_1,sc_gencat
a76,ua76_1,signup_completed,2025-05-05T09:00:00Z,,,
a76,ua76_1,submit_assessment,2025-05-05T09:46:00Z,,as_a76_0_ua76_1,sc_barthel
a76,ua76_1,generate_report,2025-05-05T11:55:00Z,r_a76_0_ua76_1,as_a76_0_ua76_1,sc_barthel
a76,ua76_1,submit_assessment,2025-05-12T10:34:00Z,,as_a76_1_ua76_1,sc_gencat
a76,ua76_1,generate_report,2025-05-12T11:14:00Z,r_a76_1_ua76_1,as_a76_1_ua76_1,sc_gencat
a77,ua77_1,signup_completed,2025-05-14T09:00:00Z,,,
a77,ua77_1,submit_assessment,2025-05-14T09:05:00Z,,as_a77_0_ua77_1,sc_gencat
a77,ua77_1,submit_assessment,2025-05-21T10:24:00Z,,as_a77_1_ua77_1,sc_gencat
a77,ua77_1,generate_report,2025-05-21T11:44:00Z,r_a77_1_ua77_1,as_a77_1_ua77_1,sc_gencat
a77,ua77_1,submit_assessment,2025-06-04T09:05:00Z,,as_a77_3_ua77_1,sc_gencat
a77,ua77_1,generate_report,2025-06-04T11:08:00Z,r_a77_3_ua77_1,as_a77_3_ua77_1,sc_gencat
a78,ua78_1,signup_completed,2025-05-07T09:00:00Z,,,
a78,ua78_1,submit_assessment,2025-05-07T09:59:00Z,,as_a78_0_ua78_1,sc_gencat
a78,ua78_1,submit_assessment,2025-05-14T09:10:00Z,,as_a78_1_ua78_1,sc_cope
a78,ua78_1,submit_assessment,2025-05-28T09:57:00Z,,as_a78_3_ua78_1,sc_cope
a78,ua78_1,generate_report,2025-05-28T12:18:00Z,r_a78_3_ua78_1,as_a78_3_ua78_1,sc_cope
a79,ua79_1,signup_completed,2025-05-13T09:00:00Z,,,
a79,ua79_1,submit_assessment,2025-05-20T09:15:00Z,,as_a79_1_ua79_1,sc_barthel
a79,ua79_1,submit_assessment,2025-07-01T10:04:00Z,,as_a79_7_ua79_1,sc_quality_of_life
a80,ua80_1,signup_completed,2025-05-10T09:00:00Z,,,
a80,ua80_1,submit_assessment,2025-05-10T09:56:00Z,,as_a80_0_ua80_1,sc_gencat
a80,ua80_1,generate_report,2025-05-10T12:28:00Z,r_a80_0_ua80_1,as_a80_0_ua80_1,sc_gencat
a80,ua80_2,submit_assessment,2025-05-10T10:43:00Z,,as_a80_0_ua80_2,sc_cope
a80,ua80_2,generate_report,2025-05-10T11:59:00Z,r_a80_0_ua80_2,as_a80_0_ua80_2,sc_cope
a80,ua80_2,submit_assessment,2025-05-17T09:18:00Z,,as_a80_1_ua80_2,sc_barthel
a80,ua80_2,generate_report,2025-05-17T12:37:00Z,r_a80_1_ua80_2,as_a80_1_ua80_2,sc_barthel
a80,ua80_1,submit_assessment,2025-05-24T10:36:00Z,,as_a80_2_ua80_1,sc_gencat
a80,ua80_1,generate_report,2025-05-24T11:08:00Z,r_a80_2_ua80_1,as_a80_2_ua80_1,sc_gencat
a80,ua80_2,submit_assessment,2025-05-24T10:52:00Z,,as_a80_2_ua80_2,sc_quality_of_life
a80,ua80_2,generate_report,2025-05-24T11:53:00Z,r_a80_2_ua80_2,as_a80_2_ua80_2,sc_quality_of_life
a80,ua80_1,submit_assessment,2025-06-07T09:28:00Z,,as_a80_4_ua80_1,sc_barthel
a80,ua80_2,submit_assessment,2025-06-07T09:16:00Z,,as_a80_4_ua80_2,sc_cope
a80,ua80_2,generate_report,2025-06-07T11:33:00Z,r_a80_4_ua80_2,as_a80_4_ua80_2,sc_cope
a80,ua80_1,submit_assessment,2025-06-21T10:10:00Z,,as_a80_6_ua80_1,sc_quality_of_life
a80,ua80_1,submit_assessment,2025-07-05T10:55:00Z,,as_a80_8_ua80_1,sc_gencat
a80,ua80_1,generate_report,2025-07-05T11:56:00Z,r_a80_8_ua80_1,as_a80_8_ua80_1,sc_gencat
a80,ua80_1,submit_assessment,2025-07-19T09:21:00Z,,as_a80_10_ua80_1,sc_gencat
a80,ua80_1,generate_report,2025-07-19T12:09:00Z,r_a80_10_ua80_1,as_a80_10_ua80_1,sc_gencat
